model,cv_acc,cv_sd,edge_acc<0.01,edge_acc<0.035,edge_acc<0.1,edge_logloss,edge_brier,size_stress,delta_vs_A,p_corrected,rows_gained,rows_lost,mcnemar_p_rep0
A (midcut band),0.9542564102564103,0.011195068062725246,0.85,0.7211538461538461,0.7992424242424242,1.0676835861811127,0.20075757575757575,0.9612903225806452,0.0,1.0,0.0,0.0,1.0
E16 B's distance model,0.9536153846153845,0.011312062239561119,0.85,0.7115384615384616,0.7954545454545454,0.4946976940344324,0.1583950849515926,0.9612903225806452,-0.0006410256410256409,0.7866383272810356,0.0,0.5,1.0
E29 bootstrap band,0.9538693134822168,0.011281179022099658,0.8363636363636363,0.7153846153846154,0.796969696969697,0.8253532420375994,0.18863240740740744,0.9580645161290322,-0.00038709677419354935,0.7143350853014462,0.0,0.3,1.0
E30 isotonic edges,0.9536104218362285,0.011844710970169127,0.8272727272727273,0.7115384615384616,0.7954545454545454,0.5430739433615467,0.1646032331710479,0.9612903225806452,-0.000645988420181971,0.5987486803194204,0.1,0.6,0.5
E31 Bayes change-point,0.9532241521918943,0.011467785247037421,0.8136363636363636,0.7057692307692308,0.7931818181818182,0.5282491986604373,0.16645865663726742,0.9612903225806452,-0.0010322580645161317,0.46891171283123806,0.0,0.8,1.0
E32 jackknife band,0.9542564102564103,0.011195068062725246,0.85,0.7211538461538461,0.7992424242424242,1.0676928939889199,0.20067500790501697,0.9612903225806452,0.0,1.0,0.0,0.0,1.0
E34 four-sided,0.949234077750207,0.011058598765556402,0.8409090909090909,0.6480769230769231,0.7696969696969697,0.5280734865011673,0.1707114615543718,0.9580645161290322,-0.005022332506203479,0.1456950582007408,1.0,4.9,0.625
E35 consensus,0.9542564102564103,0.011195068062725246,0.85,0.7211538461538461,0.7992424242424242,0.530887452122024,0.16661586360592057,0.9612903225806452,0.0,1.0,0.0,0.0,1.0
E33 nested 1-SE band,0.9481993382961126,0.010861264680290292,0.7181818181818181,0.6307692307692307,0.7636363636363637,1.2561573185766057,0.23636363636363636,0.9516129032258065,-0.006057071960297778,0.17545044327864381,1.4,6.1,0.75390625
E36 P02 test band,0.9458775847808105,0.009993463801900603,0.6818181818181818,0.5961538461538461,0.75,1.3283387480046671,0.25,0.9516129032258065,-0.008378825475599684,0.042263471257843306,0.9,7.4,0.4239501953125
