fileName,ref,date,dateBangladesh,publicScore
sub_A_primary_sharpband.csv,56908203,2026-10-07T10:28:50.607Z,2026-10-07T16:28:50.607000+06:00,0.95027
sub_B_hedge.csv,56908214,2026-10-07T10:29:09.537Z,2026-10-07T16:29:09.537000+06:00,0.95580
sub_C_band_1p00_1p975.csv,56916345,2026-10-07T16:35:34.773Z,2026-10-07T22:35:34.773000+06:00,0.95580
P01.csv,56918533,2026-10-07T18:14:03.200Z,2026-10-08T00:14:03.200000+06:00,0.94475
P02.csv,56918549,2026-10-07T18:14:55.757Z,2026-10-08T00:14:55.757000+06:00,0.96132
P03.csv,56918552,2026-10-07T18:15:05.270Z,2026-10-08T00:15:05.270000+06:00,0.96132
P04.csv,56918555,2026-10-07T18:15:12.170Z,2026-10-08T00:15:12.170000+06:00,0.95580
P05.csv,56918557,2026-10-07T18:15:18.960Z,2026-10-08T00:15:18.960000+06:00,0.95027
P06.csv,56918561,2026-10-07T18:15:25.837Z,2026-10-08T00:15:25.837000+06:00,0.93370
P07.csv,56918566,2026-10-07T18:15:35.297Z,2026-10-08T00:15:35.297000+06:00,0.93922
P08.csv,56918570,2026-10-07T18:15:43.813Z,2026-10-08T00:15:43.813000+06:00,0.96132
P09.csv,56918574,2026-10-07T18:15:51.460Z,2026-10-08T00:15:51.460000+06:00,0.95580
P10.csv,56918577,2026-10-07T18:15:58.137Z,2026-10-08T00:15:58.137000+06:00,0.95027
P12.csv,56918584,2026-10-07T18:16:14.167Z,2026-10-08T00:16:14.167000+06:00,0.93922
P13.csv,56918589,2026-10-07T18:16:21.657Z,2026-10-08T00:16:21.657000+06:00,0.94475
P14.csv,56918591,2026-10-07T18:16:29.240Z,2026-10-08T00:16:29.240000+06:00,0.95580
P15.csv,56918594,2026-10-07T18:16:36.400Z,2026-10-08T00:16:36.400000+06:00,0.95580
P16.csv,56918598,2026-10-07T18:16:44.280Z,2026-10-08T00:16:44.280000+06:00,0.95027
P17.csv,56918601,2026-10-07T18:16:50.663Z,2026-10-08T00:16:50.663000+06:00,0.95027
P18.csv,56918606,2026-10-07T18:16:56.973Z,2026-10-08T00:16:56.973000+06:00,0.96132
P19.csv,56918610,2026-10-07T18:17:03.270Z,2026-10-08T00:17:03.270000+06:00,0.96132
P20.csv,56918618,2026-10-07T18:17:10.570Z,2026-10-08T00:17:10.570000+06:00,0.95027
Q01.csv,56925647,2026-10-08T00:12:12.320Z,2026-10-08T06:12:12.320000+06:00,0.96685
Q02.csv,56925656,2026-10-08T00:12:22.040Z,2026-10-08T06:12:22.040000+06:00,0.93922
S04.csv,56929480,2026-10-08T02:22:01.830Z,2026-10-08T08:22:01.830000+06:00,0.96132
