experiment_id,parent_id,hypothesis,change,dataset,features,preprocessing,model,hyperparameters,seed,folds,validation,cv_score,cv_std,public_lb,private_proxy,runtime,memory,leakage_risk,overfit_risk,result,decision,notes,expected_cv_impact,expected_public_impact,expected_private_impact,compute_cost,keep_criteria,reject_criteria
S1,-,Public LB size can be recovered from score granularity,Search N in 1..400 consistent with all 10 distinct truncated LB scores,public leaderboard snapshot 2026-10-07 08:58 UTC,-,-,number theory,,,-,-,-,,not submitted,,<1 s,<200 MB,Low,Low,"N in {181, 362}; 181 is the only plausible size -> 1 row = 0.552 pts public; all-zero file = 98/181 -> public has 83 positives (45.9%)",KEEP,Kaggle truncates (not rounds) to 5 decimals (88/181=0.486188 shown as 0.48618). Private = 219 rows if no rows are ignored (UNVERIFIED).,-,-,Calibrates how much LB deltas mean,CPU seconds,-,-
S2,-,Public notebook submissions differ only on a few near-edge rows,Row-wise diff of all 7 public submission files (4 distinct vectors),public notebook output CSVs (400 test ids),-,-,-,,,-,-,-,,not submitted,,<1 s,<200 MB,Low,Low,389/400 rows identical across all public files; 11 disputed ids: W0839 W0848 W0865 W0968 W1002 W1022 W1119 W1157 W1163 W1179 W1198,KEEP,"W0968/W1163 pinned to 0.9700<apg<0.9710 by the V0-vs-Rafiur disagreement; 4 rows in [0.971,0.9911] or [1.9912,2.0087); 5 rows flipped only by kNN5.",,,Only ~6 private rows separate public solutions,CPU seconds,-,-
S3-lin_logit_sym,S1,"Under DGP lin_logit_sym [0.9934, 2.0, 19.1545] (fitted to the published binned table), which public fitting procedure generalises best?","Monte Carlo R=1000: simulate 776 train / 400 test (181 public + 219 private), apply each procedure",simulated from binned public table,apg,-,"fixed(1,2) / accopt band / soft-band MLE lin+log / kNN5 / LGBM",,,5-fold inside each replicate,private-part accuracy across replicates,-,,not submitted,bayes 0.9363; fixed 0.9362; accopt 0.9332; mle_lin 0.9356; mle_log 0.9357; knn5 0.9281; lgbm 0.9332,several minutes,<200 MB,Low,Low,"Private SD per procedure ~0.017 (= 3.8 rows). Mean rows vs accopt: fixed +0.66, mle_lin +0.53, mle_log +0.54, knn5 -1.11. CV gap accopt-minus-fixed: mean -0.0031 sd 0.0060; P(gap >= observed +0.0112) = 0.013. Hedge best gain +0.0033 acc.",KEEP,Simulation under a HYPOTHESISED DGP fitted to public outputs; not real-data results.,,,,CPU minutes,-,-
S3-log_logit_sym,S1,"Under DGP log_logit_sym [0.9904, 1.9948, 29.7631] (fitted to the published binned table), which public fitting procedure generalises best?","Monte Carlo R=1000: simulate 776 train / 400 test (181 public + 219 private), apply each procedure",simulated from binned public table,apg,-,"fixed(1,2) / accopt band / soft-band MLE lin+log / kNN5 / LGBM",,,5-fold inside each replicate,private-part accuracy across replicates,-,,not submitted,bayes 0.9391; fixed 0.9388; accopt 0.9365; mle_lin 0.9383; mle_log 0.9384; knn5 0.9312,several minutes,<200 MB,Low,Low,"Private SD per procedure ~0.016 (= 3.4 rows). Mean rows vs accopt: fixed +0.50, mle_lin +0.39, mle_log +0.42, knn5 -1.16. CV gap accopt-minus-fixed: mean -0.0024 sd 0.0057; P(gap >= observed +0.0112) = 0.014. Hedge best gain +0.0035 acc.",KEEP,Simulation under a HYPOTHESISED DGP fitted to public outputs; not real-data results.,,,,CPU minutes,-,-
S4,S3,"ABC over (lo, hi, k, form) using ALL published evidence (binned rates, error counts 43/33, fitted cuts 0.970/2.0087)","Rejection ABC, 120000 sims, accept 0.5%; logistic edges, lin/log space",published summaries,apg,-,ABC posterior,,,-,posterior predictive,-,,not submitted,fixed_1_2 0.9391 (+0.00 rows vs fixed); accopt_0.970_2.0087 0.9394 (+0.05 rows vs fixed); logmle_0.9911_1.9912 0.9394 (+0.07 rows vs fixed); rafiur_0.971_2.010 0.9394 (+0.06 rows vs fixed); posterior_bayes 0.9399 (+0.17 rows vs fixed); bayes 0.9411 (+0.44 rows vs fixed),~25 s (12 cores),<200 MB,Low,Low,"Posterior lo 95% [0.9538, 1.0126], hi 95% [1.9669, 2.0372]; posterior-predictive Bayes cuts [0.9835, 2.0035]",KEEP,"Accepted sims reproduce err(1,2)~44 (obs 43) but not err(accopt)=33 (sims ~39): sample is luckier than the model or noise is heavier-tailed -> S5.",,,,CPU seconds,-,-
S5,S4,Heavy-tailed 'noisy ratio' (Student-t) DGPs explain the data better than logistic edges,"ABC model comparison over 4 families, 400000 sims, accept 0.25%",published summaries,apg,-,ABC posterior (lin/log x logistic/Student-t),,,-,posterior predictive,-,,not submitted,fixed_1_2 0.9422 (+0.00 rows vs fixed); accopt_0.970_2.0087 0.9429 (+0.15 rows vs fixed); logmle_0.9911_1.9912 0.9424 (+0.05 rows vs fixed); rafiur_0.971_2.010 0.9429 (+0.16 rows vs fixed); posterior_bayes 0.9433 (+0.25 rows vs fixed); bayes 0.9447 (+0.55 rows vs fixed),~100 s (12 cores),<200 MB,Low,Low,"Family posterior {lin_logit: 0.29, log_logit: 0.22, lin_t: 0.25, log_t: 0.23} (not discriminable). Bayes cuts [0.982, 2.0075]. P(y=1|apg): 0.97->0.412, 0.98->0.486, 1.00->0.626, 2.00->0.541, 2.02->0.432",KEEP,All candidate cut-point rules are within 0.25 expected private rows of each other: threshold choice is NOT the lever.,,,,CPU seconds,-,-
E0,-,Reproduce strongest reliable public baseline exactly,"Accuracy-optimal two-threshold band on aloo/guest, plateau centre (FOYSAL band_rule)",train.csv 776 clean rows (24 missing-aloo dropped),apg,unicode digits->ASCII; x10 fix (apg_raw>3 -> /10); drop missing aloo,band rule,"lo grid 0.85-1.15, hi grid 1.85-2.2, step 0.0025",-,"10x5 RepeatedStratifiedKFold, strata = target x apg-zone (canonical, seed 2026)","OOF accuracy + size-stress fold (train guests<=q60, validate >q60)",0.9558,se 0.0018 (10x5),0.95027 claimed in title (UNVERIFIED),,<1 s,<200 MB,Low,Medium: cut-points fitted to train noise (S3-S5),"VERIFIED from public notebook execution log (5-fold or 10x5 RSKF, author's folds); must reproduce 400/400 test predictions of submission_band_rule.csv",KEEP (baseline),,0.955 +/- 0.01,~0.95 (172/181 if claim holds),~0.94-0.96,CPU seconds,Exact match with public file,Any mismatch -> fix cleaning first
E0a,-,"Host starter RF on raw counts is a weak, non-extrapolating baseline",RandomForest(300) on raw columns,train.csv 776 clean rows (24 missing-aloo dropped),8 raw numeric,unicode digits->ASCII; x10 fix (apg_raw>3 -> /10); drop missing aloo,RandomForestClassifier,n_estimators=300,42,"10x5 RepeatedStratifiedKFold, strata = target x apg-zone (canonical, seed 2026)","OOF accuracy + size-stress fold (train guests<=q60, validate >q60)",PENDING: run solution/kacchi_pipeline.py after joining the competition,,UNVERIFIED,,~10 s,<200 MB,Low,High under size shift,Deep EDA log: LightGBM raw features 0.8596 +/- 0.014 (closest verified proxy),REJECT (reference only),,~0.80-0.86,~0.7-0.75 (test is bigger),poor,CPU seconds,Corrected repeated-CV t-test (Nadeau-Bengio) p<0.05 with mean gain>0 AND size-stress accuracy not >1pt worse than parent,"Mean loss with p<0.05, OR no significant gain while adding complexity, OR size-stress drop >1pt"
E0b,E0,Rafiur midpoint cut variant,"Midpoint cuts, median of argmax plateau, closed band",train.csv 776 clean rows (24 missing-aloo dropped),apg,unicode digits->ASCII; x10 fix (apg_raw>3 -> /10); drop missing aloo,band rule,,,"10x5 RepeatedStratifiedKFold, strata = target x apg-zone (canonical, seed 2026)","OOF accuracy + size-stress fold (train guests<=q60, validate >q60)","0.9558 +/- 0.0147 (3x5, author folds)",,not submitted,,<1 s,<200 MB,Low,Low,"VERIFIED from public notebook execution log (5-fold or 10x5 RSKF, author's folds)",PENDING: run solution/kacchi_pipeline.py after joining the competition,,,,tie with E0,CPU seconds,Corrected repeated-CV t-test (Nadeau-Bengio) p<0.05 with mean gain>0 AND size-stress accuracy not >1pt worse than parent,"Mean loss with p<0.05, OR no significant gain while adding complexity, OR size-stress drop >1pt"
E0c,E0,Round-number generator prior: 1 < apg < 2,"No fitting; fixed band (1, 2)",train.csv 776 clean rows (24 missing-aloo dropped),apg,unicode digits->ASCII; x10 fix (apg_raw>3 -> /10); drop missing aloo,fixed rule,,,"10x5 RepeatedStratifiedKFold, strata = target x apg-zone (canonical, seed 2026)","OOF accuracy + size-stress fold (train guests<=q60, validate >q60)",0.9446,se 0.0023 (10x5),not submitted,,0 s,<200 MB,Low,None (no fitting),"VERIFIED from public notebook execution log (5-fold or 10x5 RSKF, author's folds); CV gap vs E0 = -0.0112, which S3 shows is very unlikely if (1,2) were the exact truth with logistic edges",NEEDS_MORE_EVIDENCE,,,,within 0.25 rows of E0 (S5),CPU seconds,Corrected repeated-CV t-test (Nadeau-Bengio) p<0.05 with mean gain>0 AND size-stress accuracy not >1pt worse than parent,"Mean loss with p<0.05, OR no significant gain while adding complexity, OR size-stress drop >1pt"
E1,E0,Validation must mimic the hidden test: random rows from same generator + larger weddings,"Compare SKF(y) vs SKF(y x apg-zone) fold SD; add size-stress fold (train small, validate largest 40%)",train.csv 776 clean rows (24 missing-aloo dropped),apg,unicode digits->ASCII; x10 fix (apg_raw>3 -> /10); drop missing aloo,band rule + raw RF/LGBM,,,"10x5 RepeatedStratifiedKFold, strata = target x apg-zone (canonical, seed 2026)","OOF accuracy + size-stress fold (train guests<=q60, validate >q60)",PENDING: run solution/kacchi_pipeline.py after joining the competition,,not submitted,,~1 min,<200 MB,Low,Low,"Expected: ratio models flat on size-stress, raw-count models collapse",PENDING: run solution/kacchi_pipeline.py after joining the competition,,lower variance of estimates,,,CPU seconds,Corrected repeated-CV t-test (Nadeau-Bengio) p<0.05 with mean gain>0 AND size-stress accuracy not >1pt worse than parent,"Mean loss with p<0.05, OR no significant gain while adding complexity, OR size-stress drop >1pt"
E2a,E0,x10 repair changes nothing for a band fitted only in 0.85-2.2 (typos land at apg>9),Train without x10 fix,train.csv 776 clean rows (24 missing-aloo dropped),apg_raw,unicode digits->ASCII; x10 fix (apg_raw>3 -> /10); drop missing aloo,band rule,,,"10x5 RepeatedStratifiedKFold, strata = target x apg-zone (canonical, seed 2026)","OOF accuracy + size-stress fold (train guests<=q60, validate >q60)",PENDING: run solution/kacchi_pipeline.py after joining the competition,,not submitted,,<1 s,<200 MB,Low,Low,,PENDING: run solution/kacchi_pipeline.py after joining the competition,,0,,,CPU seconds,Corrected repeated-CV t-test (Nadeau-Bengio) p<0.05 with mean gain>0 AND size-stress accuracy not >1pt worse than parent,"Mean loss with p<0.05, OR no significant gain while adding complexity, OR size-stress drop >1pt"
E2b,E0,Dropping x10 rows ~ fixing them,Drop 6 x10 rows,train.csv 776 clean rows (24 missing-aloo dropped),apg,unicode digits->ASCII; x10 fix (apg_raw>3 -> /10); drop missing aloo,band rule,,,"10x5 RepeatedStratifiedKFold, strata = target x apg-zone (canonical, seed 2026)","OOF accuracy + size-stress fold (train guests<=q60, validate >q60)",PENDING: run solution/kacchi_pipeline.py after joining the competition,,not submitted,,<1 s,<200 MB,Low,Low,,PENDING: run solution/kacchi_pipeline.py after joining the competition,,0,,,CPU seconds,Corrected repeated-CV t-test (Nadeau-Bengio) p<0.05 with mean gain>0 AND size-stress accuracy not >1pt worse than parent,"Mean loss with p<0.05, OR no significant gain while adding complexity, OR size-stress drop >1pt"
E2c,E3a,Noise is multiplicative -> log-space soft band fits better (best AIC in S-fits),Soft band in log(apg),train.csv 776 clean rows (24 missing-aloo dropped),log_apg,unicode digits->ASCII; x10 fix (apg_raw>3 -> /10); drop missing aloo,soft-band MLE (log),,,"10x5 RepeatedStratifiedKFold, strata = target x apg-zone (canonical, seed 2026)","OOF accuracy + size-stress fold (train guests<=q60, validate >q60)","0.9407 (logmle_band, 10x5)",,not submitted,,~1 s,<200 MB,Low,Low,"VERIFIED from public notebook execution log (5-fold or 10x5 RSKF, author's folds)",PENDING: run solution/kacchi_pipeline.py after joining the competition,,,,+0.05 rows vs fixed (S5),CPU seconds,Corrected repeated-CV t-test (Nadeau-Bengio) p<0.05 with mean gain>0 AND size-stress accuracy not >1pt worse than parent,"Mean loss with p<0.05, OR no significant gain while adding complexity, OR size-stress drop >1pt"
E3a,E0,Likelihood fit uses all rows near the edge -> lower-variance cut-points than 0-1 accuracy search,"Soft-band MLE (linear apg), predict p>0.5",train.csv 776 clean rows (24 missing-aloo dropped),apg,unicode digits->ASCII; x10 fix (apg_raw>3 -> /10); drop missing aloo,soft-band MLE (lin),,,"10x5 RepeatedStratifiedKFold, strata = target x apg-zone (canonical, seed 2026)","OOF accuracy + size-stress fold (train guests<=q60, validate >q60)",PENDING: run solution/kacchi_pipeline.py after joining the competition,,not submitted,,~1 s,<200 MB,Low,Low,,PENDING: run solution/kacchi_pipeline.py after joining the competition,,,,+0.5 to +0.9 rows vs accopt in S3 (DGP-dependent),CPU seconds,Corrected repeated-CV t-test (Nadeau-Bengio) p<0.05 with mean gain>0 AND size-stress accuracy not >1pt worse than parent,"Mean loss with p<0.05, OR no significant gain while adding complexity, OR size-stress drop >1pt"
E3b,E3a,Bootstrap/AIC-averaged soft band approximates the posterior-predictive Bayes rule,"Bagged soft band (B=100-200, lin+log)",train.csv 776 clean rows (24 missing-aloo dropped),apg,unicode digits->ASCII; x10 fix (apg_raw>3 -> /10); drop missing aloo,bagged soft band,,,"10x5 RepeatedStratifiedKFold, strata = target x apg-zone (canonical, seed 2026)","OOF accuracy + size-stress fold (train guests<=q60, validate >q60)",PENDING: run solution/kacchi_pipeline.py after joining the competition,,not submitted,,~1-2 min,<200 MB,Low,Low,,PENDING: run solution/kacchi_pipeline.py after joining the competition,,,,~+0.25 rows vs fixed (S5 posterior Bayes),CPU minutes,Corrected repeated-CV t-test (Nadeau-Bengio) p<0.05 with mean gain>0 AND size-stress accuracy not >1pt worse than parent,"Mean loss with p<0.05, OR no significant gain while adding complexity, OR size-stress drop >1pt"
E4a,E0,Host hint: depth-2 tree on the ratio,DecisionTree(max_depth=2) on apg,train.csv 776 clean rows (24 missing-aloo dropped),apg,unicode digits->ASCII; x10 fix (apg_raw>3 -> /10); drop missing aloo,CART depth 2,,,"10x5 RepeatedStratifiedKFold, strata = target x apg-zone (canonical, seed 2026)","OOF accuracy + size-stress fold (train guests<=q60, validate >q60)",PENDING: run solution/kacchi_pipeline.py after joining the competition,,not submitted,,<1 s,<200 MB,Low,Low,,PENDING: run solution/kacchi_pipeline.py after joining the competition,,~= E0,,,CPU seconds,Corrected repeated-CV t-test (Nadeau-Bengio) p<0.05 with mean gain>0 AND size-stress accuracy not >1pt worse than parent,"Mean loss with p<0.05, OR no significant gain while adding complexity, OR size-stress drop >1pt"
E5a,E3a,Quadratic logit in log space is a smooth symmetric band,"LogisticRegression on [z, z^2], z = log apg",train.csv 776 clean rows (24 missing-aloo dropped),"log_apg, log_apg^2",unicode digits->ASCII; x10 fix (apg_raw>3 -> /10); drop missing aloo,LogisticRegression C=1e4,,,"10x5 RepeatedStratifiedKFold, strata = target x apg-zone (canonical, seed 2026)","OOF accuracy + size-stress fold (train guests<=q60, validate >q60)","0.9420 (linear apg+apg^2 variant, Deep EDA)",,not submitted,,<1 s,<200 MB,Low,Low,"VERIFIED from public notebook execution log (5-fold or 10x5 RSKF, author's folds)",PENDING: run solution/kacchi_pipeline.py after joining the competition,,,,,CPU seconds,Corrected repeated-CV t-test (Nadeau-Bengio) p<0.05 with mean gain>0 AND size-stress accuracy not >1pt worse than parent,"Mean loss with p<0.05, OR no significant gain while adding complexity, OR size-stress drop >1pt"
E5b,E3a,kNN on log apg (public k=5),kNN k=5,train.csv 776 clean rows (24 missing-aloo dropped),log_apg,unicode digits->ASCII; x10 fix (apg_raw>3 -> /10); drop missing aloo,kNN,,,"10x5 RepeatedStratifiedKFold, strata = target x apg-zone (canonical, seed 2026)","OOF accuracy + size-stress fold (train guests<=q60, validate >q60)",0.9513 (10x5),,not submitted,,<1 s,<200 MB,Low,Medium (k small),"VERIFIED from public notebook execution log (5-fold or 10x5 RSKF, author's folds)",PENDING: run solution/kacchi_pipeline.py after joining the competition,,,,,CPU seconds,Corrected repeated-CV t-test (Nadeau-Bengio) p<0.05 with mean gain>0 AND size-stress accuracy not >1pt worse than parent,"Mean loss with p<0.05, OR no significant gain while adding complexity, OR size-stress drop >1pt"
E5c,E5b,Smoother kNN reduces edge noise,kNN k=25,train.csv 776 clean rows (24 missing-aloo dropped),log_apg,unicode digits->ASCII; x10 fix (apg_raw>3 -> /10); drop missing aloo,kNN,,,"10x5 RepeatedStratifiedKFold, strata = target x apg-zone (canonical, seed 2026)","OOF accuracy + size-stress fold (train guests<=q60, validate >q60)",PENDING: run solution/kacchi_pipeline.py after joining the competition,,not submitted,,<1 s,<200 MB,Low,Low,,PENDING: run solution/kacchi_pipeline.py after joining the competition,,,,,CPU seconds,Corrected repeated-CV t-test (Nadeau-Bengio) p<0.05 with mean gain>0 AND size-stress accuracy not >1pt worse than parent,"Mean loss with p<0.05, OR no significant gain while adding complexity, OR size-stress drop >1pt"
E5d,E0a,Raw-feature logistic cannot represent a band,LogisticRegression raw,train.csv 776 clean rows (24 missing-aloo dropped),raw,unicode digits->ASCII; x10 fix (apg_raw>3 -> /10); drop missing aloo,LR,,,"10x5 RepeatedStratifiedKFold, strata = target x apg-zone (canonical, seed 2026)","OOF accuracy + size-stress fold (train guests<=q60, validate >q60)",0.5554 +/- 0.0141 (Deep EDA),,not submitted,,<1 s,<200 MB,Low,Low,"VERIFIED from public notebook execution log (5-fold or 10x5 RSKF, author's folds)",REJECT,,,,,CPU seconds,Corrected repeated-CV t-test (Nadeau-Bengio) p<0.05 with mean gain>0 AND size-stress accuracy not >1pt worse than parent,"Mean loss with p<0.05, OR no significant gain while adding complexity, OR size-stress drop >1pt"
E5e,E3a,Boosting on log ratio,"LightGBM log apg, 3 seeds",train.csv 776 clean rows (24 missing-aloo dropped),log_apg,unicode digits->ASCII; x10 fix (apg_raw>3 -> /10); drop missing aloo,LightGBM,n=300 lr=0.02 leaves=4 mcs=15 subsample=0.8,"0,1,2","10x5 RepeatedStratifiedKFold, strata = target x apg-zone (canonical, seed 2026)","OOF accuracy + size-stress fold (train guests<=q60, validate >q60)",0.9541 (10x5),,not submitted,,~5 s,<200 MB,Low,Low,"VERIFIED from public notebook execution log (5-fold or 10x5 RSKF, author's folds)",PENDING: run solution/kacchi_pipeline.py after joining the competition,,,,,CPU seconds,Corrected repeated-CV t-test (Nadeau-Bengio) p<0.05 with mean gain>0 AND size-stress accuracy not >1pt worse than parent,"Mean loss with p<0.05, OR no significant gain while adding complexity, OR size-stress drop >1pt"
E5f,E5e,All per-guest ratios + categoricals add nothing,LightGBM on ratio features,train.csv 776 clean rows (24 missing-aloo dropped),ratios + event/city,unicode digits->ASCII; x10 fix (apg_raw>3 -> /10); drop missing aloo,LightGBM,,,"10x5 RepeatedStratifiedKFold, strata = target x apg-zone (canonical, seed 2026)","OOF accuracy + size-stress fold (train guests<=q60, validate >q60)","0.9407 +/- 0.0094 (engineered, Deep EDA)",,not submitted,,~3 s,<200 MB,Low,Medium (noise features),"VERIFIED from public notebook execution log (5-fold or 10x5 RSKF, author's folds)",PENDING: run solution/kacchi_pipeline.py after joining the competition,,,,,CPU seconds,Corrected repeated-CV t-test (Nadeau-Bengio) p<0.05 with mean gain>0 AND size-stress accuracy not >1pt worse than parent,"Mean loss with p<0.05, OR no significant gain while adding complexity, OR size-stress drop >1pt"
E5g,E0a,Boosting on raw counts fails under size shift,LightGBM raw,train.csv 776 clean rows (24 missing-aloo dropped),raw + cats,unicode digits->ASCII; x10 fix (apg_raw>3 -> /10); drop missing aloo,LightGBM,,,"10x5 RepeatedStratifiedKFold, strata = target x apg-zone (canonical, seed 2026)","OOF accuracy + size-stress fold (train guests<=q60, validate >q60)",0.8596 +/- 0.0140 (Deep EDA),,not submitted,,~3 s,<200 MB,Low,High,"VERIFIED from public notebook execution log (5-fold or 10x5 RSKF, author's folds); size-stress expected far lower",REJECT,,,,,CPU seconds,Corrected repeated-CV t-test (Nadeau-Bengio) p<0.05 with mean gain>0 AND size-stress accuracy not >1pt worse than parent,"Mean loss with p<0.05, OR no significant gain while adding complexity, OR size-stress drop >1pt"
E6,E3a,Probability blend of decorrelated ratio models,"Mean P of soft-lin, soft-log, quad-logit, LGBM, kNN25",train.csv 776 clean rows (24 missing-aloo dropped),apg,unicode digits->ASCII; x10 fix (apg_raw>3 -> /10); drop missing aloo,blend,,,"10x5 RepeatedStratifiedKFold, strata = target x apg-zone (canonical, seed 2026)","OOF accuracy + size-stress fold (train guests<=q60, validate >q60)",PENDING: run solution/kacchi_pipeline.py after joining the competition,,not submitted,,~10 s,<200 MB,Low,Low,,PENDING: run solution/kacchi_pipeline.py after joining the competition,,,,~0 (members agree off-edge; disagree only on coin-flip rows),CPU seconds,Corrected repeated-CV t-test (Nadeau-Bengio) p<0.05 with mean gain>0 AND size-stress accuracy not >1pt worse than parent,"Mean loss with p<0.05, OR no significant gain while adding complexity, OR size-stress drop >1pt"
E7,E6,Hard vote / rank averaging,Majority vote of members,train.csv 776 clean rows (24 missing-aloo dropped),apg,unicode digits->ASCII; x10 fix (apg_raw>3 -> /10); drop missing aloo,vote,,,"10x5 RepeatedStratifiedKFold, strata = target x apg-zone (canonical, seed 2026)","OOF accuracy + size-stress fold (train guests<=q60, validate >q60)",PENDING: run solution/kacchi_pipeline.py after joining the competition,,not submitted,,~10 s,<200 MB,Low,Low,,PENDING: run solution/kacchi_pipeline.py after joining the competition,Rank averaging is meaningless for a non-monotone band under accuracy: needs a calibrated 0.5 threshold.,,,,CPU seconds,Corrected repeated-CV t-test (Nadeau-Bengio) p<0.05 with mean gain>0 AND size-stress accuracy not >1pt worse than parent,"Mean loss with p<0.05, OR no significant gain while adding complexity, OR size-stress drop >1pt"
E8,E6,Nested stacking (LR meta on inner-CV OOF),Nested 5x5 stacking,train.csv 776 clean rows (24 missing-aloo dropped),member OOF P,unicode digits->ASCII; x10 fix (apg_raw>3 -> /10); drop missing aloo,LR meta,,,"3x5 outer, 5 inner","OOF accuracy + size-stress fold (train guests<=q60, validate >q60)",PENDING: run solution/kacchi_pipeline.py after joining the competition,,not submitted,,~1 min,<200 MB,Low,Medium,,PENDING: run solution/kacchi_pipeline.py after joining the competition,,,,~0,CPU seconds,Corrected repeated-CV t-test (Nadeau-Bengio) p<0.05 with mean gain>0 AND size-stress accuracy not >1pt worse than parent,"Mean loss with p<0.05, OR no significant gain while adding complexity, OR size-stress drop >1pt"
E9,E3a,Pseudo-labels from confident test rows help,"Add test rows with P>0.98 or <0.02 (fold-internal), refit",train.csv 776 clean rows (24 missing-aloo dropped),apg,unicode digits->ASCII; x10 fix (apg_raw>3 -> /10); drop missing aloo,soft band + PL,,,"10x5 RepeatedStratifiedKFold, strata = target x apg-zone (canonical, seed 2026)","OOF accuracy + size-stress fold (train guests<=q60, validate >q60)",PENDING: run solution/kacchi_pipeline.py after joining the competition,,not submitted,,~10 s,<200 MB,Low if fold-internal,Low,,PENDING: run solution/kacchi_pipeline.py after joining the competition,Confident rows are far from edges and carry ~no information about cut-points -> expected no effect.,,,0,CPU seconds,Corrected repeated-CV t-test (Nadeau-Bengio) p<0.05 with mean gain>0 AND size-stress accuracy not >1pt worse than parent,"Mean loss with p<0.05, OR no significant gain while adding complexity, OR size-stress drop >1pt"
E10,E3b,Final robust single decision rule = posterior-predictive Bayes band,Bagged soft band on all 776 rows (or ABC cuts ~0.982 / ~2.0075 from S5),train.csv 776 clean rows (24 missing-aloo dropped),apg,unicode digits->ASCII; x10 fix (apg_raw>3 -> /10); drop missing aloo,bagged soft band,,,"10x5 RepeatedStratifiedKFold, strata = target x apg-zone (canonical, seed 2026)","OOF accuracy + size-stress fold (train guests<=q60, validate >q60)",PENDING: run solution/kacchi_pipeline.py after joining the competition,,not submitted,,~1 min,<200 MB,Low,Low,,PENDING: run solution/kacchi_pipeline.py after joining the competition,,,,"Best expected accuracy, but only ~0.25 rows above any public rule",CPU seconds,Corrected repeated-CV t-test (Nadeau-Bengio) p<0.05 with mean gain>0 AND size-stress accuracy not >1pt worse than parent,"Mean loss with p<0.05, OR no significant gain while adding complexity, OR size-stress drop >1pt"
E11,E3a,Errors near the edges are pure label noise (no other column predicts them),Near-edge rows: LR on signed log-margin vs margin + all other features (5x5 CV log-loss),train.csv 776 clean rows (24 missing-aloo dropped),margin + others,unicode digits->ASCII; x10 fix (apg_raw>3 -> /10); drop missing aloo,LR,,,"10x5 RepeatedStratifiedKFold, strata = target x apg-zone (canonical, seed 2026)","OOF accuracy + size-stress fold (train guests<=q60, validate >q60)",PENDING: run solution/kacchi_pipeline.py after joining the competition,,not submitted,,~5 s,<200 MB,Low,Low,,PENDING: run solution/kacchi_pipeline.py after joining the competition,"Public evidence: mutton p=0.22-0.34 near edges; no event/city/drone effect (Deep EDA, Rafiur logs).",,,,CPU seconds,Corrected repeated-CV t-test (Nadeau-Bengio) p<0.05 with mean gain>0 AND size-stress accuracy not >1pt worse than parent,"Mean loss with p<0.05, OR no significant gain while adding complexity, OR size-stress drop >1pt"
E12,E0,"aloo/guests is the right ratio (vs extra eaters, mutton, borhani denominators)",In-sample best band accuracy for 11 candidate ratios,train.csv 776 clean rows (24 missing-aloo dropped),ratios,unicode digits->ASCII; x10 fix (apg_raw>3 -> /10); drop missing aloo,best band (prefix sums),,,"10x5 RepeatedStratifiedKFold, strata = target x apg-zone (canonical, seed 2026)","OOF accuracy + size-stress fold (train guests<=q60, validate >q60)",Rafiur log: aloo/guests 0.9588 best; +dhol 0.9562; +aunties 0.9536; +50 0.8814,,not submitted,,<5 s,<200 MB,Low,Low,VERIFIED from Rafiur execution log,KEEP aloo/guests,,,,,CPU seconds,Corrected repeated-CV t-test (Nadeau-Bengio) p<0.05 with mean gain>0 AND size-stress accuracy not >1pt worse than parent,"Mean loss with p<0.05, OR no significant gain while adding complexity, OR size-stress drop >1pt"
E13,E10,Two final selections that differ on the most uncertain test rows raise E[best-of-two private score],A = Bayes decisions; B = A flipped on the m rows with P closest to 0.5; m chosen by Monte Carlo on real test P,train.csv 776 clean rows (24 missing-aloo dropped),apg,unicode digits->ASCII; x10 fix (apg_raw>3 -> /10); drop missing aloo,hedge construction,,,"10x5 RepeatedStratifiedKFold, strata = target x apg-zone (canonical, seed 2026)","OOF accuracy + size-stress fold (train guests<=q60, validate >q60)",-,,not submitted,Simulation: +0.5 to +0.9 expected private rows (S3; replica run m=18 -> +0.88 rows),~30 s,<200 MB,None,None (no labels used),,PENDING: run solution/kacchi_pipeline.py after joining the competition,Requires selecting BOTH files manually as final submissions; Kaggle scores the best of the selected.,,,Largest available lever (> any threshold choice),CPU seconds,Corrected repeated-CV t-test (Nadeau-Bengio) p<0.05 with mean gain>0 AND size-stress accuracy not >1pt worse than parent,"Mean loss with p<0.05, OR no significant gain while adding complexity, OR size-stress drop >1pt"
E14,-,"Integrity checks: no ID-order leak, no train/test duplicates, ratio features are shift-free","Spearman(id, y), Spearman(id, band errors), exact/near duplicate hashes, adversarial AUC raw vs ratio, KS/PSI",train.csv 776 clean rows (24 missing-aloo dropped),all,unicode digits->ASCII; x10 fix (apg_raw>3 -> /10); drop missing aloo,audit,,,"10x5 RepeatedStratifiedKFold, strata = target x apg-zone (canonical, seed 2026)","OOF accuracy + size-stress fold (train guests<=q60, validate >q60)",PENDING: run solution/kacchi_pipeline.py after joining the competition,,not submitted,,~10 s,<200 MB,Low,Low,,PENDING: run solution/kacchi_pipeline.py after joining the competition,"Expected: adversarial AUC high on raw (guests), ~0.5 on ratios",,,,CPU seconds,Corrected repeated-CV t-test (Nadeau-Bengio) p<0.05 with mean gain>0 AND size-stress accuracy not >1pt worse than parent,"Mean loss with p<0.05, OR no significant gain while adding complexity, OR size-stress drop >1pt"
E15,E2c,Edge sharpness grows with wedding size (counting noise in integer aloo_count / guests matters less at big weddings),Log-space soft band with k = exp(a + gamma*log(guests/median)); likelihood-ratio test vs gamma=0,train.csv 776 clean rows (24 missing-aloo dropped),"log_apg, guests (width only)",unicode digits->ASCII; x10 fix (apg_raw>3 -> /10); drop missing aloo,heteroscedastic soft band,,,"10x5 RepeatedStratifiedKFold, strata = target x apg-zone (canonical, seed 2026)","OOF accuracy + size-stress fold (train guests<=q60, validate >q60)",-,,not submitted,If significant: re-ranks uncertain test rows for the E13 hedge,~10 s,<200 MB,Low,Low,,PENDING: run solution/kacchi_pipeline.py after joining the competition,"Synthetic replica with integer rounding of aloo_count: gamma=0.38, p=0.011 (code test only, not competition data).",,,small; better hedge targeting,CPU seconds,LR test p<0.05 and gamma>0,p>=0.05
