file,kaggle_ref,submitted_utc,public_score,private_score,private_rows_correct
sub_A_primary_sharpband.csv,56908203,2026-10-07 10:28:50,0.95027,0.93150,204
sub_B_hedge.csv,56908214,2026-10-07 10:29:09,0.95580,0.91324,200
sub_C_band_1p00_1p975.csv,56916345,2026-10-07 16:35:34,0.95580,0.91780,201
P01.csv,56918533,2026-10-07 18:14:03,0.94475,0.92694,203
P02.csv,56918549,2026-10-07 18:14:55,0.96132,0.90410,198
P03.csv,56918552,2026-10-07 18:15:05,0.96132,0.93607,205
P04.csv,56918555,2026-10-07 18:15:12,0.95580,0.90867,199
P05.csv,56918557,2026-10-07 18:15:18,0.95027,0.92694,203
P06.csv,56918561,2026-10-07 18:15:25,0.93370,0.92694,203
P07.csv,56918566,2026-10-07 18:15:35,0.93922,0.92694,203
P08.csv,56918570,2026-10-07 18:15:43,0.96132,0.92694,203
P09.csv,56918574,2026-10-07 18:15:51,0.95580,0.91324,200
P10.csv,56918577,2026-10-07 18:15:58,0.95027,0.92237,202
P12.csv,56918584,2026-10-07 18:16:14,0.93922,0.92694,203
P13.csv,56918589,2026-10-07 18:16:21,0.94475,0.93150,204
P14.csv,56918591,2026-10-07 18:16:29,0.95580,0.93607,205
P15.csv,56918594,2026-10-07 18:16:36,0.95580,0.92237,202
P16.csv,56918598,2026-10-07 18:16:44,0.95027,0.92694,203
P17.csv,56918601,2026-10-07 18:16:50,0.95027,0.90867,199
P18.csv,56918606,2026-10-07 18:16:56,0.96132,0.91780,201
P19.csv,56918610,2026-10-07 18:17:03,0.96132,0.93607,205
P20.csv,56918618,2026-10-07 18:17:10,0.95027,0.91780,201
Q01.csv,56925647,2026-10-08 00:12:12,0.96685,0.91324,200
Q02.csv,56925656,2026-10-08 00:12:22,0.93922,0.92237,202
S04.csv,56929480,2026-10-08 02:22:01,0.96132,0.94063,206
