tickets,P_top1,P_top3,P_top5,E_best_private
3,0.070375,0.141125,0.2025,206.420625
4,0.093625,0.1825,0.261125,206.626125
5,0.12275,0.226125,0.31625,206.809875
6,0.137875,0.251875,0.354625,206.93325
7,0.154375,0.27525,0.385,207.03125
8,0.165375,0.29725,0.415625,207.114625
9,0.1775,0.316875,0.439375,207.18275
10,0.1885,0.333375,0.462875,207.26375
11,0.19975,0.354125,0.486875,207.330125
12,0.2115,0.374125,0.5095,207.392125
13,0.217625,0.387625,0.528,207.43825
14,0.22425,0.4025,0.546125,207.48325
15,0.2355,0.420125,0.565125,207.52975
16,0.241875,0.433375,0.5815,207.56875
17,0.2495,0.44725,0.598375,207.60825
18,0.2555,0.45825,0.611375,207.6415
19,0.26525,0.470875,0.623875,207.673625
20,0.27375,0.4835,0.63625,207.703625
21,0.278875,0.490875,0.645625,207.72775
22,0.285375,0.49975,0.653625,207.749875
23,0.29475,0.510125,0.66225,207.781
24,0.303625,0.518,0.6685,207.805
25,0.307875,0.524375,0.675,207.824
