ticket,family,side,start,width,rows_vs_A,ones,flips,lo,hi
P01,window,upper,2.0,8.0,8,186,W0802:0>1 W0865:1>0 W0974:0>1 W1023:0>1 W1058:0>1 W1135:1>0 W1166:0>1 W1180:0>1,,
P02,band,,,,10,182,W0803:0>1 W0824:0>1 W0972:1>0 W1022:1>0 W1072:0>1 W1073:0>1 W1079:0>1 W1119:1>0 W1157:1>0 W1179:1>0,1.00608,2.02353
P03,window,upper,7.0,7.0,7,181,W0802:0>1 W0815:1>0 W0970:1>0 W1002:1>0 W1148:1>0 W1166:0>1 W1180:0>1,,
P04,band,,,,8,174,W0839:1>0 W0846:1>0 W0865:1>0 W0972:1>0 W1022:1>0 W1119:1>0 W1157:1>0 W1179:1>0,1.00689,1.98867
P05,window,lower,5.0,5.0,5,183,W0851:0>1 W1022:1>0 W1105:0>1 W1109:0>1 W1179:1>0,,
P06,window,both,8.0,6.0,6,184,W0851:0>1 W0865:1>0 W0974:0>1 W1058:0>1 W1105:0>1 W1135:1>0,,
P07,band,,,,9,181,W0839:1>0 W0865:1>0 W0968:0>1 W0970:1>0 W1037:0>1 W1110:0>1 W1135:1>0 W1148:1>0 W1163:0>1,0.95816,1.9807
P08,window,both,19.0,7.0,7,179,W0815:1>0 W0861:0>1 W0970:1>0 W0972:1>0 W1002:1>0 W1022:1>0 W1109:0>1,,
P09,band,,,,7,189,W0803:0>1 W0824:0>1 W0968:0>1 W1023:0>1 W1072:0>1 W1073:0>1 W1079:0>1,0.97052,2.02641
P10,window,lower,2.0,4.0,4,182,W0851:0>1 W1006:0>1 W1119:1>0 W1157:1>0,,
P11,window,both,16.0,4.0,4,180,W0802:0>1 W0970:1>0 W1148:1>0 W1179:1>0,,
P12,window,upper,0.0,5.0,5,183,W0839:1>0 W0865:1>0 W0974:0>1 W1023:0>1 W1079:0>1,,
P13,window,upper,13.0,5.0,5,179,W0823:1>0 W0866:0>1 W0963:1>0 W1002:1>0 W1198:1>0,,
P14,window,both,12.0,4.0,4,186,W1058:0>1 W1105:0>1 W1166:0>1 W1180:0>1,,
P15,window,both,1.0,5.0,5,183,W0839:1>0 W1006:0>1 W1079:0>1 W1119:1>0 W1163:0>1,,
P16,band,,,,7,175,W0815:1>0 W0839:1>0 W0865:1>0 W0970:1>0 W1119:1>0 W1135:1>0 W1148:1>0,0.9843,1.97931
P17,band,,,,5,183,W0803:0>1 W0824:0>1 W1072:0>1 W1119:1>0 W1157:1>0,0.99333,2.01654
P18,window,both,23.0,5.0,5,179,W0846:1>0 W0861:0>1 W0972:1>0 W1002:1>0 W1153:1>0,,
P19,window,both,15.0,7.0,7,179,W0802:0>1 W0815:1>0 W0970:1>0 W1022:1>0 W1148:1>0 W1166:0>1 W1179:1>0,,
P20,band,,,,11,175,W0815:1>0 W0823:1>0 W0839:1>0 W0865:1>0 W0968:0>1 W0970:1>0 W1002:1>0 W1135:1>0 W1148:1>0 W1163:0>1 W1198:1>0,0.96938,1.95509
P21,band,,,,8,174,W0839:1>0 W0865:1>0 W1022:1>0 W1119:1>0 W1135:1>0 W1148:1>0 W1157:1>0 W1179:1>0,1.00347,1.98148
P22,band,,,,7,189,W0803:0>1 W0824:0>1 W0968:0>1 W1072:0>1 W1073:0>1 W1110:0>1 W1163:0>1,0.96462,2.01953
