pair,P_top1,P_top3,P_top5,P_top5_oof,P_top5_param,P_top1_oof,P_top1_param,E_rank,E_priv,new_i,new_j
A+B,0.05525,0.149375,0.2815,0.30859583555792847,0.25763986835919134,0.060864922584089695,0.05030559473436765,7.19175,206.0075,-1,-1
A+C,0.082125,0.1575,0.311375,0.28804057661505605,0.3319228960977903,0.05285638013881474,0.1078984485190409,6.855625,206.210875,-1,-1
B+C,0.12625,0.217625,0.299125,0.2626801922050187,0.3312176774800188,0.10277629471436199,0.1469205453690644,8.335625,205.607625,-1,-1
A+new(top1),0.082125,0.1575,0.311375,0.28804057661505605,0.3319228960977903,0.05285638013881474,0.1078984485190409,6.855625,206.210875,-1,102
B+new(top1),0.12625,0.217625,0.299125,0.2626801922050187,0.3312176774800188,0.10277629471436199,0.1469205453690644,8.335625,205.607625,-1,102
C+new(top1),0.126625,0.20125,0.275,0.21276027762947144,0.3298072402444758,0.08462359850507208,0.16361071932299012,8.9105,205.413375,-1,1608
new+new(top1),0.126625,0.20125,0.275,0.21276027762947144,0.3298072402444758,0.08462359850507208,0.16361071932299012,8.9105,205.413375,102,1608
A+new(top5),0.058625,0.162125,0.319375,0.2984516817939135,0.33779971791255287,0.04271222637479979,0.07263751763046544,6.945125,206.134125,-1,1044
B+new(top5),0.102,0.21675,0.305375,0.27549386011745863,0.3316878232251998,0.08996262680192205,0.11259990597085097,8.11325,205.790125,-1,1042
C+new(top5),0.11425,0.209125,0.31075,0.2789642285104111,0.3387400094029149,0.08836091831286706,0.1370474847202633,8.16675,205.94825,-1,2232
new+new(top5),0.08925,0.2115,0.325,0.29418045915643354,0.3521391631405736,0.07608115323011212,0.1008462623413258,7.952,206.02525,1044,2232
