wedding_id,went_back_for_seconds
W0801,0
W0802,1
W0803,0
W0804,1
W0805,0
W0806,0
W0807,1
W0808,0
W0809,1
W0810,1
W0811,1
W0812,0
W0813,0
W0814,1
W0815,1
W0816,1
W0817,1
W0818,1
W0819,1
W0820,1
W0821,0
W0822,0
W0823,1
W0824,0
W0825,1
W0826,0
W0827,0
W0828,0
W0829,0
W0830,1
W0831,0
W0832,1
W0833,0
W0834,0
W0835,0
W0836,1
W0837,0
W0838,0
W0839,1
W0840,0
W0841,0
W0842,0
W0843,1
W0844,0
W0845,1
W0846,1
W0847,1
W0848,1
W0849,0
W0850,0
W0851,0
W0852,1
W0853,1
W0854,1
W0855,1
W0856,0
W0857,0
W0858,0
W0859,0
W0860,0
W0861,0
W0862,0
W0863,1
W0864,0
W0865,1
W0866,0
W0867,0
W0868,1
W0869,1
W0870,0
W0871,1
W0872,0
W0873,0
W0874,0
W0875,0
W0876,1
W0877,1
W0878,0
W0879,0
W0880,1
W0881,0
W0882,0
W0883,1
W0884,0
W0885,0
W0886,1
W0887,1
W0888,0
W0889,0
W0890,1
W0891,1
W0892,0
W0893,0
W0894,0
W0895,1
W0896,1
W0897,0
W0898,1
W0899,1
W0900,0
W0901,0
W0902,1
W0903,1
W0904,1
W0905,0
W0906,0
W0907,0
W0908,1
W0909,1
W0910,0
W0911,1
W0912,1
W0913,0
W0914,0
W0915,0
W0916,1
W0917,0
W0918,0
W0919,0
W0920,1
W0921,0
W0922,0
W0923,1
W0924,1
W0925,1
W0926,1
W0927,1
W0928,0
W0929,0
W0930,0
W0931,0
W0932,1
W0933,1
W0934,0
W0935,0
W0936,1
W0937,1
W0938,0
W0939,1
W0940,1
W0941,0
W0942,0
W0943,0
W0944,1
W0945,1
W0946,1
W0947,0
W0948,0
W0949,0
W0950,0
W0951,0
W0952,0
W0953,0
W0954,0
W0955,0
W0956,1
W0957,1
W0958,0
W0959,0
W0960,1
W0961,1
W0962,1
W0963,1
W0964,1
W0965,1
W0966,0
W0967,0
W0968,0
W0969,0
W0970,1
W0971,0
W0972,1
W0973,1
W0974,0
W0975,0
W0976,0
W0977,0
W0978,0
W0979,1
W0980,1
W0981,0
W0982,0
W0983,0
W0984,1
W0985,1
W0986,0
W0987,1
W0988,1
W0989,1
W0990,0
W0991,1
W0992,0
W0993,0
W0994,0
W0995,0
W0996,0
W0997,0
W0998,0
W0999,0
W1000,1
W1001,0
W1002,1
W1003,1
W1004,0
W1005,0
W1006,0
W1007,0
W1008,0
W1009,1
W1010,1
W1011,0
W1012,1
W1013,1
W1014,0
W1015,0
W1016,1
W1017,0
W1018,1
W1019,1
W1020,0
W1021,1
W1022,1
W1023,1
W1024,0
W1025,1
W1026,1
W1027,0
W1028,1
W1029,1
W1030,1
W1031,1
W1032,1
W1033,1
W1034,1
W1035,1
W1036,0
W1037,0
W1038,0
W1039,1
W1040,1
W1041,1
W1042,1
W1043,1
W1044,1
W1045,0
W1046,0
W1047,1
W1048,1
W1049,1
W1050,1
W1051,0
W1052,0
W1053,1
W1054,0
W1055,0
W1056,0
W1057,0
W1058,0
W1059,0
W1060,0
W1061,0
W1062,1
W1063,1
W1064,1
W1065,1
W1066,0
W1067,1
W1068,0
W1069,1
W1070,0
W1071,0
W1072,0
W1073,0
W1074,1
W1075,1
W1076,1
W1077,1
W1078,1
W1079,1
W1080,1
W1081,0
W1082,0
W1083,1
W1084,0
W1085,1
W1086,0
W1087,0
W1088,0
W1089,0
W1090,1
W1091,0
W1092,0
W1093,1
W1094,1
W1095,0
W1096,0
W1097,0
W1098,0
W1099,0
W1100,1
W1101,1
W1102,0
W1103,1
W1104,1
W1105,0
W1106,1
W1107,1
W1108,0
W1109,0
W1110,0
W1111,1
W1112,1
W1113,1
W1114,0
W1115,0
W1116,0
W1117,0
W1118,0
W1119,1
W1120,0
W1121,0
W1122,1
W1123,1
W1124,0
W1125,1
W1126,0
W1127,0
W1128,1
W1129,0
W1130,1
W1131,0
W1132,1
W1133,1
W1134,1
W1135,1
W1136,1
W1137,0
W1138,0
W1139,0
W1140,1
W1141,1
W1142,1
W1143,0
W1144,0
W1145,0
W1146,1
W1147,0
W1148,1
W1149,0
W1150,0
W1151,1
W1152,1
W1153,1
W1154,0
W1155,1
W1156,1
W1157,0
W1158,1
W1159,0
W1160,0
W1161,0
W1162,0
W1163,0
W1164,1
W1165,0
W1166,0
W1167,1
W1168,0
W1169,0
W1170,0
W1171,1
W1172,0
W1173,0
W1174,0
W1175,0
W1176,1
W1177,0
W1178,0
W1179,1
W1180,1
W1181,0
W1182,0
W1183,0
W1184,0
W1185,0
W1186,1
W1187,1
W1188,0
W1189,1
W1190,0
W1191,1
W1192,1
W1193,0
W1194,0
W1195,1
W1196,0
W1197,0
W1198,1
W1199,1
W1200,1
