portfolio,generator,P_top1,P_top3,P_top5,E_best_private
A+B+C,oof,0.0468,0.1022,0.159,207.0894
A+B+C,param,0.0848,0.1648,0.2286,205.8448
A+B+C,iso,0.017,0.0482,0.107,208.8498
A+B+C,cp,0.0096,0.0802,0.2194,207.2106
A+B+C,robust,0.03955,0.09885,0.1785,207.24865
current 25,oof,0.2556,0.4592,0.6128,208.433
current 25,param,0.3388,0.5692,0.7108,207.2804
current 25,iso,0.1396,0.3184,0.4874,209.9206
current 25,cp,0.0626,0.2094,0.405,207.7334
current 25,robust,0.19915,0.38905,0.554,208.34185
re-chosen 25,oof,0.218,0.426,0.5962,208.3814
re-chosen 25,param,0.3044,0.5458,0.712,207.2104
re-chosen 25,iso,0.18,0.4118,0.5994,210.154
re-chosen 25,cp,0.1366,0.3698,0.6104,208.1892
re-chosen 25,robust,0.20975,0.43835,0.6295,208.48375
