Rank,TeamId,TeamName,LastSubmissionDate,Score,SubmissionCount,TeamMemberUserNames
1,17044509,FOYSAL,"2026-10-07 03:22:31",0.96685,10,foysalemonshanto
2,17044368,রোদশী,"2026-10-07 07:51:29",0.96132,7,nuzhatbintenazim
3,17044682,Str1k3rFl0,"2026-10-07 00:00:31",0.96132,6,str1k3rfl0
4,17047259,"Raiyana Rufaida","2026-10-07 07:46:22",0.96132,4,shes1r
5,17044259,amar_nam_adnan,"2026-10-06 18:12:36",0.95580,3,tjadnan
6,17044856,"Tasnimul Ferdous","2026-10-06 17:17:33",0.95580,4,tasnimul2008
7,17045080,"Dadhichi Sarker","2026-10-06 17:50:11",0.95580,1,dadhichisarker
8,17045670,"Md. Najmul Hasan Shihab","2026-10-06 19:29:53",0.95580,5,najmulhasanshihab
9,17044262,"el mencho","2026-10-07 01:08:00",0.95580,4,murtazaabdullah2010
10,17046266,"Rafiur Rahman","2026-10-07 08:09:07",0.95580,3,rafiurrahman01
0,17043554,"submission (8).csv","2026-10-06 12:29:19",0.95027,1,
11,17043986,fig_is_a_storm,"2026-10-06 15:35:11",0.74033,1,nobodydu31
12,17045061,"Abu Rayhan Kabir","2026-10-06 17:12:48",0.71823,1,aburayhankabir
13,17043747,"Juairia Apsara","2026-10-06 16:50:52",0.70718,1,juairiaapsara
14,17044552,"Md Abdul Al Hasib","2026-10-06 16:56:43",0.69613,3,mdabdulalhasib
0,17043240,sample_submission.csv,"2026-10-06 11:37:32",0.54143,1,
15,17044426,"Himanshu Dhiman","2026-10-06 15:00:21",0.54143,1,hmnshudhmn24
16,17045077,"Tahamina Akter Ohe","2026-10-06 17:49:34",0.54143,5,tahaminatania
17,17048941,"Nishan Sarker","2026-10-07 08:00:48",0.48618,1,nishansarker
