wedding_id,kacchi-aloo-mystery-deep-eda::submission_rule.csv,lb-0-95027-kacchi-aloo-theory::submission.csv,lb-0-95027-kacchi-aloo-theory::submission_band_rule.csv,lb-0-95027-kacchi-aloo-theory::submission_knn5.csv,lb-0-95027-kacchi-aloo-theory::submission_lgbm_logapg.csv,lb-0-95027-kacchi-aloo-theory::submission_logmle_band.csv,the-aloo-theory-the-goldilocks-band::submission.csv
W0839,1,1,1,1,1,0,1
W0848,1,1,1,0,1,1,1
W0865,1,1,1,1,1,0,1
W0968,1,1,1,0,0,0,0
W1002,1,1,1,0,1,1,1
W1022,1,1,1,0,1,1,1
W1119,1,1,1,1,1,0,1
W1157,1,1,1,1,1,0,1
W1163,1,1,1,0,0,0,0
W1179,1,1,1,0,1,1,1
W1198,1,1,1,0,1,1,1
