Rank,TeamId,TeamName,LastSubmissionDate,Score,SubmissionCount,TeamMemberUserNames,public_correct,public_errors,wilson95_lo,wilson95_hi
1,17044509,FOYSAL,2026-10-07 03:22:31,0.96685,10,foysalemonshanto,175,6,0.9296,0.9847
2,17044368,রোদশী,2026-10-07 07:51:29,0.96132,7,nuzhatbintenazim,174,7,0.9223,0.9811
3,17044682,Str1k3rFl0,2026-10-07 00:00:31,0.96132,6,str1k3rfl0,174,7,0.9223,0.9811
4,17047259,Raiyana Rufaida,2026-10-07 07:46:22,0.96132,4,shes1r,174,7,0.9223,0.9811
5,17044259,amar_nam_adnan,2026-10-06 18:12:36,0.9558,3,tjadnan,173,8,0.9152,0.9774
6,17044856,Tasnimul Ferdous,2026-10-06 17:17:33,0.9558,4,tasnimul2008,173,8,0.9152,0.9774
7,17045080,Dadhichi Sarker,2026-10-06 17:50:11,0.9558,1,dadhichisarker,173,8,0.9152,0.9774
8,17045670,Md. Najmul Hasan Shihab,2026-10-06 19:29:53,0.9558,5,najmulhasanshihab,173,8,0.9152,0.9774
9,17044262,el mencho,2026-10-07 01:08:00,0.9558,4,murtazaabdullah2010,173,8,0.9152,0.9774
10,17046266,Rafiur Rahman,2026-10-07 08:09:07,0.9558,3,rafiurrahman01,173,8,0.9152,0.9774
0,17043554,submission (8).csv,2026-10-06 12:29:19,0.95027,1,,172,9,0.9082,0.9736
11,17043986,fig_is_a_storm,2026-10-06 15:35:11,0.74033,1,nobodydu31,134,47,0.6719,0.7987
12,17045061,Abu Rayhan Kabir,2026-10-06 17:12:48,0.71823,1,aburayhankabir,130,51,0.6487,0.7787
13,17043747,Juairia Apsara,2026-10-06 16:50:52,0.70718,1,juairiaapsara,128,53,0.6371,0.7686
14,17044552,Md Abdul Al Hasib,2026-10-06 16:56:43,0.69613,3,mdabdulalhasib,126,55,0.6256,0.7585
0,17043240,sample_submission.csv,2026-10-06 11:37:32,0.54143,1,,98,83,0.4687,0.6124
15,17044426,Himanshu Dhiman,2026-10-06 15:00:21,0.54143,1,hmnshudhmn24,98,83,0.4687,0.6124
16,17045077,Tahamina Akter Ohe,2026-10-06 17:49:34,0.54143,5,tahaminatania,98,83,0.4687,0.6124
17,17048941,Nishan Sarker,2026-10-07 08:00:48,0.48618,1,nishansarker,88,93,0.4144,0.5585
