experiment_id,parent_id,hypothesis,change,features,folds,cv_score,cv_std,cv_min,cv_max,oof_logloss,size_stress_acc,test_pos_rate,runtime_s,complexity,delta_vs_parent,p_corrected,test_rows_changed_vs_parent,decision,reason
E0a,-,Reproduce host starter (RF on raw counts),RandomForest(300) raw columns,raw,10x5 RSKF (y x zone),0.8082464846980977,0.027728472244508803,0.7290322580645161,0.8709677419354839,0.7941974525290137,0.5548387096774193,0.32,36.6,3,,,,BASELINE,reference
E0,-,Reproduce strongest public baseline exactly,"accuracy-optimal band, plateau centre (public 'band_rule')",apg,10x5 RSKF (y x zone),0.9546418527708852,0.010759101478664107,0.9294871794871795,0.9743589743589743,,0.9612903225806452,0.46,1.5,1,,,,BASELINE,reference
E0b,E0,Public alternative fit: midpoint cuts,"Rafiur midpoint cut-points, closed band",apg,10x5 RSKF (y x zone),0.9542564102564103,0.011082551960197154,0.9294871794871795,0.9741935483870968,,0.9612903225806452,0.455,0.4,1,-0.000385442514474772,0.7583940928981326,2.0,NEEDS_MORE_EVIDENCE,"-0.0004, p=0.76: within CV noise"
E0c,E0,Host prior: round-number band,fixed 1<apg<2 (no fitting),apg,10x5 RSKF (y x zone),0.9445938792390405,0.01170571418491908,0.9161290322580645,0.967741935483871,,0.9451612903225807,0.4475,0.1,0,-0.010047973531844516,0.05917210846151089,5.0,NEEDS_MORE_EVIDENCE,"-0.0100, p=0.06: within CV noise"
E2a,E0,x10 fix matters for training,train WITHOUT x10 fix (raw aloo),apg_raw,10x5 RSKF (y x zone),0.9543846153846155,0.010514452161782921,0.9294871794871795,0.9743589743589743,,0.9612903225806452,0.46,1.5,1,-0.0002572373862696442,0.6990447009679615,0.0,NEEDS_MORE_EVIDENCE,"-0.0003, p=0.70: within CV noise"
E2b,E0,Dropping x10 rows is as good as fixing,drop x10 rows from training,apg,10x5 RSKF (y x zone),0.9543846153846155,0.010514452161782921,0.9294871794871795,0.9743589743589743,,0.9612903225806452,0.46,1.5,1,-0.0002572373862696442,0.6990447009679615,0.0,NEEDS_MORE_EVIDENCE,"-0.0003, p=0.70: within CV noise"
E2c,E3a,log scale is the natural ratio space,soft band in log(apg),log_apg,10x5 RSKF (y x zone),0.9399503722084367,0.011177312784124835,0.9161290322580645,0.9612903225806452,3.052223651874933,0.9387096774193548,0.445,3.3,2,-0.002191066997518616,0.1777387778305307,2.0,NEEDS_MORE_EVIDENCE,"-0.0022, p=0.18: within CV noise"
E3a,E0,Smooth likelihood fit beats step-accuracy fit,"soft-band MLE (linear apg), p>0.5",apg,10x5 RSKF (y x zone),0.9421414392059553,0.011544201074050704,0.9161290322580645,0.9612903225806452,2.8463446977902533,0.9451612903225807,0.45,3.1,2,-0.012500413564929707,0.030063250112060198,4.0,REJECT,-0.0125 (p=0.030) vs E0
E3b,E3a,"Model-averaged soft band (bootstrap, lin+log, AIC-weighted)",bagged soft band,apg,3x5 RSKF (y x zone),0.9385938792390405,0.012524816456237849,0.9166666666666666,0.9548387096774194,2.8172541353891005,0.9387096774193548,0.445,57.0,3,-0.003007995588640755,0.21611374831314253,2.0,REJECT,"no significant gain (-0.0030, p=0.22); simpler parent kept"
E4a,E0,Host hint: depth-2 tree on the ratio,DecisionTree(max_depth=2) on apg,apg,10x5 RSKF (y x zone),0.9506410256410257,0.010841389091701438,0.9290322580645162,0.9741935483870968,1.8702527005037715,0.9419354838709677,0.455,0.3,1,-0.004000827129859397,0.45210261439771066,2.0,NEEDS_MORE_EVIDENCE,"-0.0040, p=0.45: within CV noise"
E5a,E3a,Quadratic logit in log space = smooth band,"LogisticRegression on [z, z^2], z=log apg",log_apg,10x5 RSKF (y x zone),0.9449735318444995,0.011967575010607714,0.9161290322580645,0.967741935483871,3.095006048827698,0.9483870967741935,0.4525,0.6,2,0.002832092638544257,0.270980461023875,1.0,NEEDS_MORE_EVIDENCE,"+0.0028, p=0.27: within CV noise"
E5b,E3a,Non-parametric neighbour vote (public k=5),kNN k=5 on log apg,log_apg,10x5 RSKF (y x zone),0.9503904052936311,0.01014645346567299,0.9294871794871795,0.9741935483870968,5.850701462177463,0.9483870967741935,0.4425,0.3,2,0.008248966087675766,0.2191416508397985,7.0,NEEDS_MORE_EVIDENCE,"+0.0082, p=0.22: within CV noise"
E5c,E5b,Smoother kNN,kNN k=25 on log apg,log_apg,10x5 RSKF (y x zone),0.9475525227460712,0.009637094730993577,0.9230769230769231,0.967741935483871,4.5428539930433365,0.9451612903225807,0.465,0.3,2,-0.002837882547559969,0.5562036075010021,11.0,NEEDS_MORE_EVIDENCE,"-0.0028, p=0.56: within CV noise"
E5d,E0a,Raw-feature logistic (shows ratio necessity),LogisticRegression raw,raw,10x5 RSKF (y x zone),0.5619859387923904,0.031089637003412163,0.5096774193548387,0.6193548387096774,0.708288126261026,0.5419354838709678,0.27,1.0,2,-0.2462605459057072,1.2858006791355527e-14,140.0,REJECT,-0.2463 (p=0.000) vs E0a
E5e,E3a,Boosting on the ratio (public lgbm_logapg),"LightGBM log apg, 3 seeds",log_apg,10x5 RSKF (y x zone),0.9537353184449959,0.0117234021447286,0.9290322580645162,0.9806451612903225,2.0095359527942898,0.9612903225806452,0.455,8.4,3,0.011593879239040539,0.09268645743295026,2.0,REJECT,"no significant gain (+0.0116, p=0.09); simpler parent kept"
E5f,E5e,Boosting with all per-guest ratios + categoricals,LightGBM all ratio features,ratios+cats,10x5 RSKF (y x zone),0.941236559139785,0.013102335505498662,0.9102564102564102,0.967948717948718,2.5849955822354636,0.9419354838709677,0.45,4.2,4,-0.012498759305210922,0.08185747227125965,12.0,REJECT,"no significant gain (-0.0125, p=0.08); simpler parent kept"
E5g,E0a,Boosting on raw counts (fails to extrapolate?),LightGBM raw features,raw+cats,10x5 RSKF (y x zone),0.8255219189412738,0.024797058859109534,0.7692307692307693,0.8717948717948718,1.0692147803958,0.5870967741935483,0.3775,5.6,4,0.017275434243176176,0.1982695761592352,43.0,REJECT,"no significant gain (+0.0173, p=0.20); simpler parent kept"
E6,E3a,OOF probability blend of decorrelated ratio models,"mean P of soft-lin, soft-log, quad-logit, (lgbm), knn25",apg,10x5 RSKF (y x zone),0.9503870967741935,0.010716867100759394,0.9225806451612903,0.9741935483870968,2.2494663070225895,0.9516129032258065,0.455,19.1,4,0.008245657568238219,0.04453667399099763,2.0,KEEP,+0.0082 (p=0.045) vs E3a
E7,E6,Majority vote instead of probability mean,hard-vote of the same members,apg,10x5 RSKF (y x zone),0.9444590570719603,0.011374164888662858,0.9161290322580645,0.9612903225806452,,0.9483870967741935,0.4525,19.6,4,-0.005928039702233255,0.09090882566923049,1.0,NEEDS_MORE_EVIDENCE,"-0.0059, p=0.09: within CV noise"
E8,E6,Nested stacking (logistic meta-model),LR meta on inner-CV OOF,apg,3x5 RSKF (y x zone),0.9424593327819135,0.014104004566338835,0.9166666666666666,0.9612903225806452,1.6584673315522924,0.9451612903225807,0.45,15.8,5,-0.0068651778329197706,0.12557365270951207,2.0,REJECT,"no significant gain (-0.0069, p=0.13); simpler parent kept"
E9,E3a,Conservative pseudo-labels from confident test rows,"add test rows with P>0.98/<0.02, refit",apg,10x5 RSKF (y x zone),0.9421414392059553,0.011544201074050704,0.9161290322580645,0.9612903225806452,2.9334568374826513,0.9451612903225807,0.45,9.1,4,0.0,1.0,0.0,REJECT,no effect on CV or on test predictions vs E3a
