rep0,rep1,rep2,rep3,rep4,rep5,rep6,rep7,rep8,rep9,wedding_id
2,4,0,1,4,2,0,4,4,0,W0001
0,0,2,2,1,0,2,2,0,3,W0002
1,4,0,2,0,4,1,0,3,1,W0003
3,1,0,0,0,0,4,2,3,2,W0004
4,2,0,3,2,2,0,1,2,0,W0005
4,2,3,3,1,0,0,0,0,4,W0006
3,1,4,1,2,0,0,3,4,2,W0007
0,3,0,1,1,3,0,0,2,2,W0008
0,0,2,0,0,0,1,1,3,2,W0009
1,2,4,1,4,4,1,0,1,4,W0011
3,4,0,2,2,1,0,2,2,2,W0012
0,4,2,2,1,4,0,4,1,2,W0013
3,0,2,4,4,2,1,0,0,0,W0014
0,2,1,4,4,0,3,1,0,3,W0015
4,1,1,1,3,3,1,3,3,3,W0016
4,0,1,2,0,1,1,2,2,0,W0017
4,2,4,0,3,3,1,4,2,3,W0018
2,0,2,4,4,3,0,0,1,3,W0019
3,2,0,2,4,0,3,3,3,3,W0020
4,4,0,1,0,0,2,0,1,3,W0021
0,2,1,0,4,0,4,4,0,1,W0023
1,4,2,3,0,2,0,1,3,2,W0024
2,3,0,2,3,1,3,3,1,1,W0025
4,3,4,4,4,1,0,1,1,3,W0026
1,0,1,4,1,4,1,1,1,2,W0027
2,0,1,1,4,0,1,1,3,3,W0028
4,2,4,0,0,3,0,1,4,0,W0029
4,4,3,4,0,3,4,2,4,1,W0030
2,0,4,3,0,2,1,4,2,1,W0031
1,2,4,1,1,1,4,3,0,2,W0032
1,1,1,0,2,2,3,1,0,0,W0033
4,3,3,4,4,2,3,3,2,2,W0034
4,1,3,4,2,2,1,3,2,2,W0035
1,1,0,1,2,1,0,4,4,2,W0036
2,4,0,1,0,0,0,3,2,1,W0037
2,4,3,3,4,1,1,0,3,0,W0038
2,3,0,2,2,4,1,4,1,2,W0039
2,1,0,0,3,3,4,1,0,1,W0040
2,1,2,0,3,0,3,2,0,0,W0042
1,3,0,3,3,3,1,3,0,4,W0043
4,3,3,3,2,4,2,0,4,0,W0044
2,3,4,1,3,2,2,4,1,0,W0045
1,4,1,3,4,2,4,2,4,1,W0046
4,3,3,4,0,2,4,2,0,2,W0047
3,0,2,1,2,4,1,0,2,1,W0048
0,4,2,2,3,1,0,2,2,2,W0049
2,2,2,0,1,4,4,3,2,3,W0050
1,1,2,2,4,2,4,1,1,0,W0051
4,0,3,0,0,0,4,4,2,1,W0053
3,0,3,4,1,1,3,1,0,0,W0054
3,3,1,3,0,2,2,2,4,3,W0055
1,0,4,0,1,0,3,4,4,3,W0056
2,4,0,2,0,2,4,4,3,4,W0057
3,3,4,3,2,2,0,1,4,3,W0058
4,0,3,4,4,3,4,3,4,4,W0059
2,4,0,3,1,4,2,3,0,3,W0060
1,2,2,3,0,0,0,3,3,0,W0061
2,0,0,2,4,4,0,3,3,1,W0062
3,1,4,0,2,4,3,1,2,0,W0063
3,2,2,0,1,2,3,2,2,4,W0064
2,1,0,0,1,3,2,0,0,2,W0065
4,1,3,4,2,0,3,4,1,1,W0066
1,0,3,1,4,1,0,1,4,0,W0067
1,4,4,2,3,1,2,2,3,1,W0068
3,1,0,3,2,3,2,3,0,1,W0069
4,2,2,4,3,4,4,2,2,4,W0070
2,2,0,4,2,3,2,3,3,0,W0071
1,4,2,0,0,3,0,3,2,0,W0072
1,3,1,1,1,4,0,2,3,3,W0073
4,0,0,4,1,4,1,2,4,4,W0074
4,4,3,3,2,0,2,0,0,0,W0075
3,4,1,3,3,3,4,0,0,2,W0076
0,3,3,3,4,2,2,3,4,1,W0077
3,2,3,1,1,2,3,1,4,3,W0078
4,1,2,0,3,1,0,2,4,1,W0079
0,3,4,3,1,0,2,0,1,0,W0080
0,3,0,4,3,4,1,0,0,4,W0081
3,1,2,2,1,4,2,2,0,3,W0082
1,0,2,0,2,1,1,3,4,4,W0083
2,3,2,3,1,4,0,0,3,1,W0084
2,1,1,3,2,4,2,0,2,3,W0085
4,3,1,2,1,0,0,1,3,1,W0086
1,4,3,1,4,3,1,4,2,2,W0087
3,2,0,2,0,2,4,1,4,4,W0088
0,0,1,3,4,0,4,1,0,3,W0089
0,1,1,2,0,4,0,1,0,3,W0090
1,3,2,3,3,3,4,0,0,4,W0091
2,1,2,4,0,4,1,2,0,1,W0092
0,0,3,2,3,0,2,4,1,3,W0093
4,2,4,4,2,0,4,3,0,4,W0094
2,2,1,3,1,4,1,1,1,4,W0095
1,0,1,4,1,1,2,3,3,3,W0096
2,2,2,2,4,1,4,4,3,3,W0097
3,0,0,4,2,0,4,3,2,2,W0098
1,3,4,3,4,0,1,0,2,2,W0099
3,4,0,4,1,1,1,4,0,1,W0100
2,3,0,2,1,1,4,0,2,3,W0101
2,0,1,1,2,2,1,3,2,0,W0102
0,4,4,0,3,4,2,0,2,2,W0103
4,1,3,1,4,1,0,2,4,0,W0104
4,4,3,4,1,3,4,2,1,1,W0105
4,2,4,0,3,0,0,0,4,0,W0106
3,4,1,0,4,2,1,2,0,3,W0107
0,4,0,4,0,1,0,0,3,4,W0108
1,0,3,0,1,0,1,2,3,2,W0109
4,2,2,3,1,0,1,1,1,2,W0110
2,1,1,1,1,4,4,3,1,2,W0111
3,2,1,0,2,2,3,0,1,3,W0112
3,4,1,2,3,3,3,3,2,3,W0113
3,2,4,1,3,3,4,2,3,2,W0114
1,2,1,4,4,4,4,4,0,2,W0115
2,1,2,3,4,2,0,0,0,1,W0116
0,4,4,0,3,1,0,1,2,4,W0117
3,2,4,3,4,3,2,3,0,1,W0118
4,4,0,3,2,4,2,0,3,3,W0119
2,3,4,1,2,2,2,4,3,1,W0120
1,0,4,0,4,2,0,3,0,3,W0121
0,2,4,2,1,3,3,3,1,1,W0122
1,4,1,4,2,4,4,0,1,4,W0123
1,4,1,0,0,2,2,3,2,0,W0124
2,4,0,4,2,3,2,0,2,1,W0125
3,1,2,2,4,1,4,4,3,3,W0126
3,3,4,4,1,2,4,1,1,3,W0127
2,2,2,2,4,4,1,3,4,3,W0128
3,3,4,1,2,2,3,4,1,1,W0129
0,4,3,0,0,3,4,3,3,3,W0130
0,2,2,0,3,4,1,4,4,3,W0131
3,1,3,2,2,0,0,2,2,4,W0132
1,3,3,2,1,1,4,1,2,3,W0133
3,4,4,3,4,2,0,3,3,0,W0134
0,0,3,4,1,0,3,4,1,4,W0135
4,3,2,2,0,2,1,4,4,0,W0136
4,1,3,1,0,3,0,3,0,3,W0137
4,2,2,4,4,2,0,1,4,0,W0138
0,2,4,3,3,0,3,0,1,2,W0139
0,4,0,3,3,2,2,1,4,1,W0140
0,0,0,3,0,2,4,2,2,1,W0141
1,1,2,4,2,2,0,0,2,2,W0142
1,4,2,1,2,1,1,0,3,2,W0143
4,1,0,4,0,3,0,2,3,3,W0144
2,1,1,2,3,2,2,1,0,2,W0145
3,4,1,1,4,1,3,0,0,2,W0146
0,3,4,1,1,0,1,1,1,3,W0147
3,3,2,3,2,0,4,4,3,4,W0148
2,3,4,1,3,1,0,0,0,2,W0149
0,0,1,0,4,3,3,1,0,4,W0150
1,1,4,4,4,3,1,3,4,3,W0151
0,0,4,1,4,1,1,1,1,1,W0152
0,2,1,1,0,2,1,0,0,2,W0153
2,3,4,2,1,4,0,1,1,0,W0154
4,2,4,2,1,4,0,4,1,0,W0155
4,3,1,1,0,0,2,0,4,4,W0156
3,3,3,3,4,2,3,2,4,2,W0157
4,2,0,2,3,4,2,1,2,3,W0158
4,1,2,1,1,0,0,4,4,0,W0159
0,0,0,1,0,0,3,1,4,3,W0160
4,2,1,3,3,2,4,1,1,0,W0161
2,0,3,4,3,1,3,4,0,0,W0162
3,4,2,2,1,4,0,2,2,0,W0163
0,0,3,4,0,0,1,4,3,2,W0164
2,1,2,0,1,3,4,3,3,4,W0165
4,0,2,3,3,0,2,1,4,4,W0166
0,2,4,1,0,3,0,2,0,3,W0167
1,0,2,4,4,0,2,1,4,3,W0168
3,3,2,3,3,1,0,0,0,2,W0169
0,3,1,0,2,4,3,2,2,0,W0170
4,0,0,3,4,4,1,0,0,1,W0171
1,4,0,0,3,3,4,0,4,2,W0172
2,1,1,3,0,3,2,4,1,1,W0173
3,1,3,2,4,4,2,4,3,2,W0174
2,0,0,3,0,0,3,2,4,1,W0175
3,2,2,1,1,4,3,2,3,1,W0176
1,3,2,1,3,2,1,4,0,1,W0178
4,1,2,3,0,3,1,0,3,1,W0179
2,0,2,1,3,0,0,3,0,0,W0180
2,3,1,3,4,4,2,4,4,3,W0181
0,4,2,3,2,0,3,4,0,1,W0182
0,4,3,2,3,1,4,1,4,1,W0183
0,2,2,2,1,4,0,3,4,1,W0184
0,4,4,1,0,0,3,3,2,1,W0185
1,4,0,2,2,1,1,0,1,4,W0186
3,0,1,0,3,0,3,4,1,4,W0187
1,1,1,3,3,2,1,4,2,4,W0188
4,4,4,4,0,2,0,4,0,2,W0189
3,1,1,1,0,0,2,0,4,2,W0190
4,2,0,2,4,0,0,1,4,4,W0191
4,0,0,0,3,2,1,3,2,3,W0192
1,1,2,3,2,3,2,2,1,0,W0193
4,0,4,0,4,2,3,4,1,2,W0194
4,3,2,2,2,0,4,4,0,0,W0195
0,0,4,1,0,1,2,0,1,1,W0196
4,2,3,1,1,4,4,3,4,2,W0197
1,2,3,0,4,4,4,2,2,4,W0198
2,4,1,0,0,2,0,0,3,4,W0199
3,0,4,3,3,3,2,1,3,4,W0200
3,3,4,1,4,3,4,4,2,4,W0201
3,1,4,3,0,4,1,2,0,2,W0202
2,1,3,4,0,2,1,3,4,0,W0203
2,1,1,2,1,0,2,3,3,2,W0204
0,4,0,2,4,0,1,2,3,3,W0205
1,2,3,4,0,1,0,2,4,2,W0206
3,3,0,3,1,2,0,2,0,4,W0207
3,4,0,3,1,3,4,4,0,4,W0208
2,3,4,0,3,1,2,3,1,4,W0209
1,1,2,1,2,3,2,1,4,0,W0210
3,2,0,4,1,0,0,2,4,3,W0211
4,1,4,0,2,3,0,3,3,1,W0212
4,0,1,4,2,4,3,3,2,0,W0213
2,3,1,4,4,1,3,1,4,0,W0214
4,1,2,0,2,4,1,0,4,1,W0215
1,0,2,3,2,0,3,3,2,1,W0216
2,4,2,1,3,4,3,2,4,1,W0217
4,0,1,1,2,2,4,2,0,0,W0218
4,1,2,4,0,3,0,3,3,2,W0219
3,2,3,4,3,2,0,4,3,2,W0220
1,3,2,1,4,3,0,1,4,0,W0221
1,4,0,2,4,4,1,2,2,4,W0222
2,0,1,4,4,4,4,3,1,2,W0223
2,3,3,1,0,4,4,2,2,3,W0224
3,1,3,1,2,2,4,0,3,0,W0225
3,0,4,4,4,2,3,4,4,4,W0226
0,3,0,4,4,4,2,4,0,0,W0227
2,1,0,2,1,2,3,2,1,3,W0228
0,3,1,0,3,4,2,2,1,0,W0229
2,3,0,1,2,1,0,4,1,2,W0230
2,3,1,2,4,3,0,2,0,3,W0231
0,4,2,3,0,2,2,3,1,4,W0232
1,2,1,4,3,0,1,0,3,3,W0233
0,0,2,3,3,3,3,4,1,0,W0235
1,2,3,0,2,2,2,4,0,2,W0236
3,0,3,1,0,4,3,0,1,3,W0237
2,1,2,2,4,1,4,1,0,4,W0238
2,3,4,2,3,3,2,2,4,4,W0239
0,3,4,2,2,2,4,3,1,3,W0240
1,2,4,2,4,4,1,2,4,3,W0241
1,2,0,0,3,2,1,4,1,4,W0242
3,0,1,1,3,1,3,1,0,1,W0243
2,1,0,0,4,4,0,0,4,1,W0244
2,0,1,2,4,2,2,1,1,2,W0245
1,0,0,3,3,0,1,4,1,2,W0246
3,4,2,2,0,3,2,2,3,0,W0247
0,3,2,1,0,3,3,4,0,4,W0248
0,1,0,3,2,0,4,1,0,1,W0249
2,2,2,2,3,1,4,2,1,0,W0250
2,1,3,3,1,3,3,2,0,2,W0251
1,4,3,3,1,1,3,4,4,3,W0252
4,2,1,4,4,3,1,0,4,4,W0253
4,3,3,3,0,1,4,4,1,0,W0254
4,1,3,1,0,1,0,3,1,1,W0255
3,3,1,0,4,1,2,2,1,0,W0257
1,4,4,2,0,1,4,3,1,1,W0258
1,3,3,0,2,4,3,4,2,2,W0260
3,4,3,1,4,1,4,0,4,4,W0261
2,0,2,4,0,2,0,1,1,2,W0262
4,2,1,3,3,2,1,4,0,1,W0263
3,1,0,4,4,2,0,2,0,1,W0264
0,3,0,0,1,4,1,4,4,2,W0265
4,1,4,2,2,3,0,3,2,3,W0266
4,4,3,0,4,1,2,0,4,3,W0267
1,0,1,3,3,3,4,0,4,0,W0268
0,3,2,1,3,2,2,3,2,3,W0269
0,2,1,1,3,0,1,1,4,3,W0270
2,1,2,1,2,1,3,4,0,0,W0271
3,2,3,1,1,2,3,3,2,0,W0272
0,3,4,4,1,0,4,3,1,0,W0273
4,4,3,0,2,3,2,3,2,1,W0274
3,1,4,3,0,3,3,2,3,4,W0275
1,0,0,0,1,1,2,0,1,2,W0276
0,3,0,4,0,4,4,1,4,3,W0277
3,4,1,2,3,3,1,2,3,0,W0278
4,4,1,2,4,3,2,1,4,0,W0279
2,3,3,3,2,4,4,4,3,4,W0280
3,3,1,4,2,1,3,2,0,0,W0281
3,0,4,2,4,1,0,3,1,1,W0282
0,2,3,2,2,4,4,3,2,2,W0283
2,4,1,0,1,0,3,1,1,0,W0284
4,4,1,1,3,1,4,3,0,4,W0285
4,2,4,0,3,2,3,1,4,0,W0286
0,0,2,2,4,0,0,3,1,4,W0287
1,4,3,2,1,1,0,3,1,3,W0288
4,4,1,3,4,4,4,0,2,4,W0289
1,0,3,1,4,4,0,4,1,0,W0290
3,0,0,3,0,4,1,0,4,2,W0291
0,0,4,4,3,3,4,2,1,2,W0292
2,4,4,4,2,3,2,3,2,4,W0293
3,3,4,0,1,1,1,4,3,4,W0295
3,3,4,4,4,3,3,4,2,3,W0297
0,3,0,0,2,1,0,1,1,2,W0298
0,1,0,0,2,0,4,2,2,4,W0299
1,4,4,1,3,0,2,3,2,2,W0300
4,2,4,0,4,0,3,0,1,4,W0301
3,4,4,4,4,0,4,3,1,2,W0302
1,1,0,1,1,3,4,1,2,1,W0304
4,4,1,3,0,1,3,2,2,2,W0305
1,0,2,0,1,3,0,3,2,3,W0306
0,1,2,4,3,0,1,1,4,3,W0307
1,4,3,3,4,1,3,4,4,4,W0308
0,0,0,3,0,1,1,2,1,3,W0309
4,0,0,1,2,3,4,3,0,3,W0310
3,1,4,1,4,4,3,4,3,4,W0311
3,0,1,4,0,4,3,1,1,2,W0312
3,4,2,4,1,2,2,4,4,3,W0313
3,4,0,2,3,2,0,2,1,2,W0314
2,3,1,2,4,4,2,4,0,0,W0315
3,1,0,4,0,2,0,0,1,2,W0316
1,1,0,2,0,0,3,2,1,1,W0317
4,2,1,4,3,1,3,4,2,3,W0318
4,0,4,1,3,2,4,1,4,1,W0319
2,4,1,0,1,4,3,0,0,2,W0320
3,4,0,2,1,2,4,2,0,2,W0321
0,3,0,4,1,0,1,0,3,1,W0322
2,1,3,0,3,4,3,4,3,2,W0323
2,3,3,3,4,4,4,3,1,4,W0324
1,3,3,4,2,4,4,2,3,2,W0325
3,2,3,3,0,0,3,4,0,3,W0326
0,0,2,2,3,1,4,3,3,2,W0327
2,3,3,1,2,4,2,2,0,2,W0328
4,3,3,0,1,2,4,3,1,0,W0329
1,4,0,2,1,3,0,0,2,4,W0330
3,4,1,0,3,4,1,0,2,3,W0331
2,1,0,1,4,2,4,3,2,1,W0332
3,1,2,3,3,3,4,0,1,4,W0333
1,2,3,0,4,3,4,3,2,4,W0334
2,2,0,4,2,0,2,0,2,4,W0335
4,0,1,3,1,2,2,2,2,2,W0336
1,3,1,3,1,3,0,0,4,4,W0337
4,2,4,2,4,0,1,3,0,1,W0338
4,1,1,0,3,0,1,1,0,2,W0339
1,1,4,1,4,4,2,3,4,1,W0340
3,0,4,1,0,4,2,1,4,1,W0341
4,2,1,2,4,1,3,2,4,0,W0342
3,0,0,2,4,2,1,4,3,1,W0343
0,3,1,4,3,4,4,3,3,1,W0344
0,1,1,1,3,3,1,2,3,0,W0345
1,2,0,4,3,2,2,3,2,3,W0346
0,4,4,3,2,4,3,1,2,0,W0347
4,2,4,4,0,3,0,3,1,3,W0348
1,0,1,3,1,0,1,0,2,3,W0349
4,4,1,0,0,2,3,4,3,4,W0350
3,3,1,0,0,0,2,3,1,0,W0351
3,2,2,3,3,0,4,3,0,3,W0352
1,2,1,4,1,0,0,1,4,0,W0353
2,3,2,2,1,1,1,0,4,1,W0354
4,4,4,4,2,1,1,3,4,3,W0355
3,2,4,0,2,1,1,3,1,3,W0356
0,0,2,0,2,4,0,1,1,2,W0357
0,1,3,1,3,1,4,1,0,4,W0358
2,2,3,4,3,3,4,1,4,3,W0359
4,4,4,1,3,1,1,4,3,0,W0360
4,1,1,2,1,2,2,0,0,4,W0361
3,4,4,0,2,0,2,3,3,2,W0363
4,2,3,3,1,4,0,2,1,4,W0364
1,3,1,1,3,2,4,4,3,4,W0365
0,3,4,3,2,3,0,4,4,2,W0366
3,2,0,4,4,1,3,0,2,3,W0367
3,0,4,2,4,2,3,2,4,2,W0368
2,4,3,2,2,2,2,0,2,2,W0369
4,2,1,4,2,0,0,4,4,4,W0370
2,0,0,2,2,1,4,4,2,3,W0371
4,4,3,0,3,2,3,3,1,2,W0372
2,0,1,0,2,1,4,4,2,4,W0373
1,2,2,0,4,1,1,1,2,2,W0374
2,0,0,3,4,4,2,2,2,1,W0375
3,1,2,1,0,3,2,2,2,2,W0376
4,0,1,0,2,4,1,2,1,4,W0377
1,2,4,3,0,0,4,2,3,4,W0378
2,1,4,1,0,3,2,0,4,0,W0379
2,2,2,1,0,3,3,2,0,1,W0380
0,4,2,0,4,4,1,0,4,3,W0381
3,2,1,4,4,4,0,4,2,3,W0382
2,2,2,4,1,3,3,2,1,1,W0383
1,2,1,3,3,0,2,0,4,3,W0384
4,4,1,3,0,2,1,1,0,2,W0385
1,0,2,2,1,2,1,0,1,0,W0386
4,3,1,3,4,0,4,0,2,4,W0387
1,2,2,4,2,1,0,4,4,1,W0388
3,2,1,4,4,0,4,4,3,4,W0389
4,0,1,2,4,0,2,0,0,4,W0391
0,2,0,2,2,1,2,1,1,1,W0392
1,3,2,1,4,3,3,2,0,2,W0393
4,0,4,4,2,1,1,4,3,4,W0394
2,3,3,3,1,2,2,4,3,2,W0395
2,0,3,4,0,0,0,0,0,1,W0396
2,0,4,1,1,1,2,3,2,2,W0397
1,2,0,3,2,0,2,2,2,4,W0398
3,4,2,1,0,2,1,1,2,3,W0399
4,0,1,2,1,3,1,0,4,2,W0400
2,1,2,3,0,4,0,2,4,0,W0401
4,3,2,0,0,2,3,1,3,2,W0402
3,1,4,1,4,4,1,1,2,0,W0403
4,4,1,2,3,1,2,3,2,0,W0405
0,1,2,2,1,0,0,4,3,1,W0406
4,2,2,1,2,1,3,4,3,1,W0407
2,4,1,0,2,4,3,0,1,4,W0409
1,1,2,4,0,3,2,3,0,1,W0410
3,1,3,2,3,3,2,4,3,1,W0411
3,2,4,2,1,1,1,4,1,3,W0412
1,3,3,4,1,1,3,3,3,3,W0413
2,2,4,3,0,2,4,2,4,2,W0414
2,0,3,0,2,0,4,2,1,1,W0415
1,3,4,3,3,2,3,3,3,4,W0416
4,1,2,4,0,1,0,2,1,1,W0417
4,3,3,1,2,1,4,0,3,3,W0418
2,0,0,3,1,1,3,2,0,3,W0419
1,1,0,2,2,0,3,0,2,3,W0420
0,0,0,4,2,2,3,1,4,2,W0421
1,3,0,4,4,3,1,2,1,2,W0422
2,3,3,4,1,4,2,2,0,0,W0423
2,0,3,3,4,4,0,2,3,2,W0424
0,4,1,3,3,1,1,3,2,1,W0426
2,2,0,4,0,1,4,2,2,0,W0427
3,3,0,2,0,3,3,2,4,3,W0428
0,4,2,1,0,4,1,3,4,0,W0429
4,3,1,1,1,3,1,0,1,2,W0430
2,0,2,1,0,3,3,2,4,4,W0431
3,2,4,4,3,4,0,1,2,1,W0432
3,4,1,0,2,0,4,2,4,1,W0433
4,1,1,4,4,0,1,1,0,1,W0434
1,0,2,4,2,3,2,0,3,1,W0435
0,1,2,4,3,1,3,0,0,4,W0436
1,3,3,4,4,3,2,3,3,1,W0437
0,2,3,0,3,3,0,2,2,2,W0438
0,2,0,0,3,4,4,2,3,4,W0439
2,3,3,0,1,1,1,0,3,2,W0440
0,3,1,4,0,2,2,2,3,2,W0441
4,0,4,0,1,4,3,1,0,2,W0442
0,4,3,2,2,0,4,1,3,0,W0443
1,1,4,0,1,0,4,0,1,1,W0444
3,2,3,0,2,1,0,2,3,3,W0445
0,4,0,2,1,2,4,3,4,0,W0446
1,0,3,3,1,4,0,2,2,3,W0447
1,0,0,4,0,1,4,2,0,2,W0448
4,0,0,4,1,4,1,4,1,4,W0449
3,3,0,1,4,0,3,4,3,4,W0450
3,3,4,4,2,0,3,4,2,1,W0451
0,3,1,2,2,3,3,3,0,2,W0452
2,4,1,4,2,1,1,1,2,0,W0453
1,0,0,3,2,2,4,4,3,2,W0454
4,1,2,2,0,4,3,0,0,1,W0455
0,0,2,0,1,3,2,0,2,4,W0456
2,3,4,0,4,1,4,1,0,1,W0457
2,4,3,3,3,1,0,3,0,4,W0458
2,3,3,1,2,2,1,3,3,0,W0459
2,1,1,3,1,3,1,3,1,3,W0460
2,0,2,3,4,3,3,2,3,1,W0461
4,0,2,3,0,2,1,0,0,4,W0462
0,4,3,3,0,3,3,0,0,3,W0463
3,4,3,2,3,0,4,2,1,1,W0464
2,1,2,1,1,4,3,1,4,1,W0465
1,4,3,4,0,4,3,1,2,3,W0466
4,3,0,1,3,2,4,1,1,4,W0467
3,3,0,1,1,2,0,4,1,1,W0468
4,0,4,2,3,0,1,4,3,2,W0469
3,0,2,1,0,0,0,1,3,1,W0470
3,1,0,0,4,3,2,0,4,3,W0471
3,3,3,3,3,2,3,3,2,4,W0472
0,4,0,0,4,3,0,1,0,0,W0473
1,3,3,3,2,3,1,3,3,3,W0474
2,3,2,3,4,0,4,2,4,1,W0475
4,1,4,1,2,0,4,0,3,1,W0476
0,3,2,0,3,3,2,1,4,3,W0477
1,1,2,3,4,0,2,2,2,3,W0478
2,3,4,4,1,2,0,2,0,3,W0479
0,0,3,3,2,1,2,2,3,1,W0480
2,2,3,1,3,1,3,1,2,2,W0481
0,2,3,0,4,1,2,4,3,3,W0482
3,1,3,4,1,2,2,3,3,4,W0483
1,4,2,2,0,0,2,1,3,3,W0484
4,3,2,1,4,0,3,0,4,4,W0485
2,2,4,3,2,3,2,0,2,4,W0486
1,4,2,2,4,2,4,1,1,0,W0487
2,4,2,2,3,4,2,2,4,0,W0488
4,0,2,0,2,3,1,1,1,2,W0489
2,2,4,0,0,0,0,4,2,4,W0490
0,2,0,0,3,1,0,0,4,0,W0491
1,4,4,4,1,4,4,3,4,1,W0492
0,1,0,4,2,1,4,3,1,4,W0493
0,2,3,0,4,2,0,4,3,3,W0494
2,2,2,4,1,1,4,4,2,1,W0495
4,3,3,1,1,1,4,1,3,4,W0496
0,0,2,2,1,1,2,0,2,0,W0497
4,2,1,3,0,2,1,3,3,3,W0498
1,3,4,1,0,3,3,4,2,3,W0499
4,3,3,0,1,2,0,4,3,1,W0500
3,4,3,0,1,4,3,1,2,3,W0501
0,1,4,1,0,4,1,3,1,0,W0502
4,2,2,4,0,2,3,1,2,2,W0503
2,2,2,1,1,0,0,1,4,2,W0504
4,2,1,4,1,1,4,1,2,1,W0505
1,0,4,1,2,0,1,1,4,3,W0506
4,4,3,3,4,4,0,0,1,4,W0507
2,1,1,0,3,4,3,4,3,0,W0508
3,2,4,0,3,4,1,4,1,4,W0509
0,0,0,0,0,2,1,3,2,0,W0510
0,2,1,4,3,2,3,4,0,0,W0511
0,0,1,2,2,1,2,4,1,4,W0512
0,4,0,2,3,3,1,0,2,3,W0513
3,4,3,2,4,3,0,0,4,0,W0514
3,2,1,3,2,3,2,0,4,1,W0515
1,0,3,2,4,1,3,2,0,3,W0516
1,4,1,3,3,2,1,2,0,1,W0517
3,4,0,4,3,2,4,2,3,0,W0518
3,4,3,1,3,4,0,2,0,3,W0519
4,0,2,0,2,3,3,0,3,2,W0520
0,2,2,1,0,4,2,1,0,4,W0521
3,1,0,4,4,0,3,1,0,0,W0522
2,4,4,2,0,1,3,4,2,2,W0523
2,1,3,3,3,4,0,1,1,0,W0524
1,0,0,0,2,1,0,4,4,4,W0525
2,2,3,2,3,1,3,2,1,4,W0526
1,2,3,0,0,2,0,4,2,1,W0527
2,2,1,4,4,0,3,3,0,1,W0528
4,1,4,3,2,0,3,3,2,3,W0529
1,3,3,3,4,0,2,2,0,2,W0530
2,2,1,3,2,2,3,1,2,0,W0531
3,0,2,1,1,2,3,2,4,0,W0532
2,2,4,2,3,3,2,0,1,0,W0533
0,2,0,1,1,4,0,4,1,1,W0534
0,1,3,2,1,4,0,1,4,2,W0535
3,4,4,4,4,3,2,2,3,1,W0536
4,3,3,0,1,0,3,1,2,1,W0537
3,0,0,3,1,3,0,0,2,4,W0538
1,3,1,1,0,4,0,3,3,4,W0539
4,4,2,0,2,0,3,0,0,2,W0540
1,1,2,2,1,0,0,3,4,2,W0541
0,3,0,0,2,3,0,2,0,0,W0542
3,3,3,1,2,4,1,0,0,0,W0543
1,0,2,3,0,1,1,3,4,0,W0544
3,0,4,1,2,1,3,4,4,4,W0545
1,2,2,2,1,3,2,3,4,3,W0546
3,4,1,1,2,0,3,3,1,4,W0547
2,4,0,1,0,3,0,0,0,4,W0548
0,2,2,0,1,2,2,1,0,1,W0549
3,2,1,4,3,3,2,4,3,4,W0550
1,4,4,3,3,3,3,1,2,0,W0551
4,2,1,1,2,1,3,4,2,2,W0552
3,2,2,2,1,4,0,2,4,4,W0553
4,4,0,4,3,3,4,1,3,1,W0554
4,2,1,2,3,4,1,3,2,1,W0555
1,3,3,2,1,4,1,4,1,4,W0556
0,2,4,1,1,0,2,0,4,2,W0557
1,3,3,0,1,0,2,0,2,3,W0558
3,1,4,3,1,1,3,4,1,0,W0559
4,3,2,0,4,2,0,0,4,1,W0560
3,1,0,3,2,3,2,0,2,1,W0561
2,4,0,1,3,0,4,2,3,2,W0562
0,2,1,3,4,1,2,2,0,1,W0563
0,1,1,2,3,0,1,1,2,1,W0564
0,3,3,0,3,0,3,0,2,1,W0565
1,3,2,3,3,2,4,4,3,3,W0566
4,4,0,4,1,0,1,1,1,3,W0567
1,3,4,1,3,1,0,2,2,4,W0568
0,2,0,3,3,2,1,2,2,1,W0569
4,4,2,3,1,0,3,3,3,4,W0570
3,0,2,0,0,1,3,2,0,1,W0571
1,3,2,0,3,0,3,0,0,2,W0572
0,0,1,0,3,2,4,1,0,4,W0573
1,1,3,2,3,1,4,3,3,1,W0574
4,2,4,0,3,1,0,0,0,0,W0575
3,3,1,3,3,1,0,0,4,2,W0576
4,1,4,0,0,3,3,1,3,0,W0577
1,4,0,1,2,4,3,3,3,1,W0578
0,0,3,2,1,3,1,1,4,3,W0579
3,3,4,4,4,4,2,1,2,2,W0580
1,1,4,0,0,4,2,3,0,3,W0581
1,0,3,3,0,3,0,4,0,3,W0582
2,0,2,0,3,1,0,0,0,0,W0584
2,1,3,2,2,3,1,1,2,0,W0585
4,1,0,1,1,3,0,1,3,3,W0586
4,2,1,1,0,1,0,2,0,4,W0587
1,2,4,3,0,1,3,4,3,4,W0588
0,3,2,1,3,0,2,1,1,3,W0589
4,2,2,2,3,4,4,4,3,3,W0590
2,4,2,2,4,1,3,2,1,4,W0591
3,3,2,1,4,4,4,4,1,3,W0592
1,1,4,2,3,1,2,2,4,1,W0593
3,2,1,4,0,3,3,2,1,2,W0594
2,0,3,2,2,4,2,1,1,3,W0595
0,4,3,1,1,1,1,2,2,2,W0596
3,3,1,0,2,3,2,4,0,4,W0597
4,4,1,2,4,4,2,4,4,1,W0598
3,2,1,1,4,2,1,4,0,1,W0600
1,2,1,1,4,3,1,0,1,0,W0601
2,4,4,2,0,2,2,4,4,1,W0602
1,2,4,2,1,3,0,3,2,2,W0603
1,1,2,0,4,2,1,2,0,3,W0604
3,1,3,4,0,4,4,1,1,3,W0605
2,2,2,2,1,4,1,3,4,0,W0606
0,1,1,4,1,1,3,0,0,0,W0607
0,1,3,1,0,2,4,1,2,2,W0608
3,4,0,1,4,3,4,4,2,4,W0609
4,2,3,3,3,1,4,3,3,2,W0610
0,1,2,4,2,4,0,4,3,1,W0611
0,3,3,2,1,2,1,4,3,3,W0613
3,0,4,4,0,3,3,0,0,2,W0614
4,0,0,4,0,4,4,4,3,3,W0615
0,2,4,1,1,0,1,1,3,4,W0616
3,4,1,4,0,2,0,1,3,3,W0617
3,0,0,4,3,3,1,4,2,4,W0618
1,1,0,0,4,0,1,0,1,1,W0619
2,1,1,4,0,2,0,4,1,4,W0620
1,4,0,2,1,4,0,0,4,0,W0621
1,0,4,2,4,2,3,1,0,2,W0622
1,1,4,3,0,1,2,4,2,0,W0623
4,1,4,3,0,2,0,1,2,0,W0624
3,4,0,4,0,1,4,0,2,2,W0625
1,0,0,3,0,4,3,0,0,0,W0626
0,4,0,3,2,2,3,0,1,0,W0627
3,1,0,3,0,0,2,1,4,0,W0628
4,4,2,1,2,2,1,4,4,0,W0629
0,3,4,4,0,1,1,3,3,0,W0630
4,4,2,1,4,2,3,4,2,1,W0631
0,2,4,3,0,2,1,1,4,1,W0632
1,1,2,2,2,3,2,0,4,4,W0633
1,1,3,4,2,0,0,1,3,3,W0634
4,0,0,4,2,4,1,2,4,2,W0635
2,0,4,2,2,1,0,1,0,3,W0636
3,1,2,4,3,2,4,0,0,1,W0637
4,3,3,0,0,2,1,3,4,0,W0638
0,4,3,0,3,1,1,3,1,3,W0639
2,3,0,0,3,2,2,0,1,2,W0640
2,0,4,0,0,1,2,1,3,1,W0641
0,0,2,0,3,0,2,4,4,0,W0642
2,3,4,1,1,1,0,0,4,2,W0643
4,0,1,3,0,3,1,3,1,3,W0644
1,2,3,2,3,3,0,4,3,1,W0645
2,3,2,0,3,0,3,4,3,1,W0646
4,1,1,2,1,4,4,0,3,1,W0647
1,1,4,1,2,3,4,3,2,4,W0648
3,4,1,4,1,2,2,1,4,3,W0649
4,1,4,2,0,1,4,0,1,1,W0650
2,3,1,2,3,1,1,0,3,2,W0651
3,2,3,2,2,1,0,3,0,4,W0652
1,1,3,0,4,0,2,4,4,1,W0653
4,0,2,2,2,4,4,3,4,0,W0655
1,2,1,0,0,4,2,1,1,3,W0656
1,2,3,0,1,0,4,2,2,0,W0657
0,1,0,0,2,3,2,1,2,1,W0658
3,4,0,0,2,2,4,4,2,1,W0659
0,4,0,2,0,3,2,2,2,2,W0660
2,1,1,1,3,0,2,1,0,4,W0661
3,0,0,0,4,2,4,2,0,1,W0662
3,3,2,2,4,2,3,3,1,0,W0663
0,2,3,4,2,4,4,0,2,0,W0664
4,1,3,1,1,3,2,1,0,2,W0665
4,0,2,3,0,0,0,1,4,0,W0666
1,2,3,0,0,0,4,1,3,4,W0667
1,0,1,1,1,0,2,3,0,0,W0668
0,0,0,4,0,3,2,0,0,3,W0669
1,3,4,0,0,2,0,3,1,4,W0670
2,0,3,1,3,1,1,3,1,0,W0671
3,3,3,2,1,3,1,1,0,4,W0672
1,3,4,1,0,2,3,0,1,1,W0673
2,3,4,2,3,1,4,1,3,3,W0674
3,2,1,1,2,3,2,2,2,2,W0675
2,4,1,1,3,0,2,1,1,4,W0676
0,0,1,3,1,4,0,0,0,2,W0677
0,0,3,2,4,4,2,1,3,0,W0678
0,4,1,2,3,0,2,0,1,4,W0679
0,0,1,4,2,2,4,3,1,3,W0680
1,4,2,1,4,3,0,3,1,4,W0681
2,0,1,1,1,3,3,1,1,1,W0682
1,2,4,3,4,3,1,2,2,1,W0683
1,4,4,4,1,4,4,3,1,2,W0684
1,2,4,2,0,4,4,3,4,0,W0685
2,1,0,3,4,0,4,3,4,0,W0686
4,1,4,4,1,3,1,0,0,1,W0687
2,0,2,2,3,3,3,3,3,4,W0688
3,1,0,2,1,1,2,2,1,2,W0689
2,3,0,4,3,4,1,1,0,4,W0690
4,3,4,0,2,3,0,0,0,0,W0691
0,4,4,0,4,4,3,4,0,0,W0692
1,1,1,3,2,2,0,1,3,1,W0693
2,0,1,4,4,4,1,3,3,0,W0694
2,4,3,4,3,2,0,2,4,3,W0695
0,1,2,4,1,3,4,2,2,1,W0696
4,1,0,2,0,4,2,4,2,4,W0697
3,1,3,0,1,1,0,0,2,3,W0698
1,3,4,3,3,2,2,1,3,4,W0699
0,4,3,2,1,3,3,1,4,0,W0700
2,0,3,2,2,2,0,3,2,0,W0701
0,0,4,0,1,1,3,4,2,0,W0703
4,4,2,1,4,4,0,1,4,3,W0704
0,0,0,0,3,1,2,2,3,0,W0705
4,2,4,0,0,2,1,3,4,3,W0707
3,2,1,3,4,0,1,0,0,0,W0708
1,0,2,4,2,2,4,3,1,1,W0709
1,4,3,3,2,3,0,0,0,1,W0710
0,0,4,4,4,0,1,2,1,0,W0711
4,4,0,3,3,0,2,4,0,2,W0712
2,3,3,4,0,3,2,0,1,3,W0713
0,1,1,0,1,1,4,4,3,4,W0714
1,4,3,0,0,3,2,3,1,1,W0715
2,2,0,0,0,1,2,2,4,2,W0716
0,1,3,4,3,4,0,0,0,2,W0717
0,1,0,1,4,1,4,3,4,4,W0718
0,2,4,3,1,0,1,1,1,1,W0719
1,3,3,4,2,1,2,0,3,2,W0720
0,3,4,2,0,4,1,0,3,0,W0721
4,3,1,0,0,1,1,1,1,2,W0722
2,4,0,1,4,1,0,0,4,0,W0723
1,4,1,2,2,4,3,2,4,3,W0724
2,0,3,4,0,2,4,2,1,4,W0725
3,1,0,3,2,2,0,1,0,0,W0726
0,3,0,4,2,3,0,3,4,2,W0727
0,3,1,1,2,3,3,2,1,0,W0728
1,1,3,2,0,0,1,2,3,4,W0729
0,0,0,2,2,1,1,4,3,1,W0730
0,3,3,2,4,3,4,2,0,3,W0731
0,3,0,3,1,4,2,1,4,3,W0732
1,2,3,1,2,4,3,4,2,0,W0733
3,1,3,1,3,0,0,4,3,2,W0734
3,1,4,0,2,1,0,3,3,4,W0735
2,3,0,2,3,4,3,2,2,2,W0736
4,0,1,4,0,3,4,4,0,4,W0737
2,2,1,1,1,4,0,0,2,4,W0738
2,3,0,3,3,0,1,0,1,2,W0739
3,4,2,0,1,0,2,4,1,0,W0740
3,3,3,2,4,0,1,0,3,0,W0741
0,1,4,3,2,0,1,1,2,4,W0742
0,1,3,3,1,3,0,3,1,2,W0743
4,0,0,4,4,1,1,0,4,2,W0744
2,2,4,4,1,3,3,2,1,3,W0745
0,2,2,1,4,4,3,1,2,1,W0746
2,1,3,1,2,2,3,4,1,4,W0747
2,1,4,1,0,2,4,4,2,4,W0748
3,1,0,0,2,3,1,4,0,3,W0749
4,1,0,1,3,0,4,1,4,0,W0750
1,4,2,0,1,2,1,0,2,2,W0751
0,2,4,3,1,0,3,2,3,0,W0752
2,1,0,0,0,0,1,0,1,4,W0753
3,4,2,3,0,0,2,3,0,1,W0754
3,0,0,0,1,4,0,1,3,3,W0755
2,0,3,2,4,0,1,4,2,3,W0756
0,1,4,0,0,4,3,4,4,2,W0757
0,3,0,3,4,1,4,2,3,2,W0758
0,4,4,4,0,4,4,0,2,2,W0759
1,2,0,1,3,4,3,4,0,0,W0760
4,0,4,3,1,1,2,2,4,1,W0761
4,4,2,0,2,3,2,3,0,1,W0762
0,4,0,3,4,0,1,1,1,3,W0763
3,3,1,4,2,1,2,4,0,4,W0764
4,3,3,0,2,2,3,4,0,4,W0765
0,2,1,0,4,1,3,1,3,1,W0766
3,3,0,2,4,3,3,2,1,2,W0767
1,3,0,2,3,3,0,1,1,0,W0768
1,1,2,1,2,1,1,0,0,3,W0769
3,1,4,0,1,2,4,2,0,0,W0770
3,4,0,0,2,2,2,2,3,4,W0771
3,1,3,3,0,2,4,0,3,1,W0773
4,0,1,2,3,1,2,3,0,4,W0774
3,0,1,2,4,3,3,2,2,1,W0775
0,2,4,3,2,4,2,4,3,0,W0776
1,3,4,0,4,0,0,3,3,0,W0777
2,1,1,4,2,1,2,4,3,0,W0778
2,1,3,1,3,1,1,0,4,4,W0779
0,0,1,4,3,3,4,2,4,4,W0780
0,4,4,2,2,4,4,2,0,0,W0781
4,2,1,3,4,0,1,3,4,2,W0782
2,2,2,3,0,4,4,4,1,3,W0783
1,1,3,1,0,2,3,3,3,3,W0784
0,4,2,3,4,1,3,1,4,4,W0785
4,1,2,0,4,4,0,1,4,3,W0786
2,3,3,1,2,0,4,3,3,3,W0788
3,3,4,1,4,2,4,4,0,0,W0789
4,4,1,0,0,0,4,1,2,2,W0790
0,2,1,1,0,3,3,4,0,4,W0791
2,2,3,2,1,0,2,2,3,1,W0792
3,4,2,4,2,2,4,2,3,0,W0793
4,3,4,1,4,2,2,0,4,4,W0794
1,1,2,4,3,0,3,4,1,2,W0795
2,0,0,4,1,4,4,2,3,3,W0796
0,0,4,1,3,0,2,3,4,4,W0797
1,4,0,2,0,1,3,0,0,0,W0798
0,0,0,3,0,3,0,3,1,4,W0799
4,1,2,4,1,4,1,3,3,4,W0800
