ref,fileName,date,description,status,publicScore,privateScore
56986708,OPT01.csv,2026-10-09 02:43:39.877000,OPT01: Q01 + provable gains from automated score constraints,SubmissionStatus.COMPLETE,0.99447,
56986602,XP19.csv,2026-10-09 02:40:58.540000,XP19: automated two-row accuracy experiment against Q01,SubmissionStatus.COMPLETE,0.96132,
56986598,XP18.csv,2026-10-09 02:40:55.760000,XP18: automated two-row accuracy experiment against Q01,SubmissionStatus.COMPLETE,0.95580,
56986594,XP17.csv,2026-10-09 02:40:53.277000,XP17: automated two-row accuracy experiment against Q01,SubmissionStatus.COMPLETE,0.96132,
56986592,XP16.csv,2026-10-09 02:40:51.367000,XP16: automated two-row accuracy experiment against Q01,SubmissionStatus.COMPLETE,0.96132,
56986590,XP15.csv,2026-10-09 02:40:49.300000,XP15: automated two-row accuracy experiment against Q01,SubmissionStatus.COMPLETE,0.96132,
56986589,XP14.csv,2026-10-09 02:40:47.113000,XP14: automated two-row accuracy experiment against Q01,SubmissionStatus.COMPLETE,0.96132,
56986585,XP13.csv,2026-10-09 02:40:45.043000,XP13: automated two-row accuracy experiment against Q01,SubmissionStatus.COMPLETE,0.96132,
56986538,XP12.csv,2026-10-09 02:39:23.647000,XP12: automated two-row accuracy experiment against Q01,SubmissionStatus.COMPLETE,0.96132,
56986536,XP11.csv,2026-10-09 02:39:20.690000,XP11: automated two-row accuracy experiment against Q01,SubmissionStatus.COMPLETE,0.96132,
56986534,XP10.csv,2026-10-09 02:39:17.920000,XP10: automated two-row accuracy experiment against Q01,SubmissionStatus.COMPLETE,0.95580,
56986530,XP09.csv,2026-10-09 02:39:15.087000,XP09: automated two-row accuracy experiment against Q01,SubmissionStatus.COMPLETE,0.96132,
56986529,XP08.csv,2026-10-09 02:39:12.307000,XP08: automated two-row accuracy experiment against Q01,SubmissionStatus.COMPLETE,0.96132,
56986528,XP07.csv,2026-10-09 02:39:09.627000,XP07: automated two-row accuracy experiment against Q01,SubmissionStatus.COMPLETE,0.96132,
56986526,XP06.csv,2026-10-09 02:39:07.470000,XP06: automated two-row accuracy experiment against Q01,SubmissionStatus.COMPLETE,0.95580,
56986525,XP05.csv,2026-10-09 02:39:05.550000,XP05: automated two-row accuracy experiment against Q01,SubmissionStatus.COMPLETE,0.96685,
56986386,XP04.csv,2026-10-09 02:35:37.343000,XP04: automated two-row accuracy experiment against Q01,SubmissionStatus.COMPLETE,0.96132,
56986384,XP03.csv,2026-10-09 02:35:35.367000,XP03: automated two-row accuracy experiment against Q01,SubmissionStatus.COMPLETE,0.95580,
56986381,XP02.csv,2026-10-09 02:35:32.740000,XP02: automated two-row accuracy experiment against Q01,SubmissionStatus.COMPLETE,0.96132,
56986379,XP01.csv,2026-10-09 02:35:29.847000,XP01: automated two-row accuracy experiment against Q01,SubmissionStatus.COMPLETE,0.96132,
56985979,LBP05.csv,2026-10-09 02:25:54.230000,LBP05: Q01 + two E30 uncertainty rows flipped; independent probe,SubmissionStatus.COMPLETE,0.96685,
56985977,LBP04.csv,2026-10-09 02:25:52.393000,LBP04: Q01 + two E30 uncertainty rows flipped; independent probe,SubmissionStatus.COMPLETE,0.96132,
56985974,LBP03.csv,2026-10-09 02:25:50.520000,LBP03: Q01 + two E30 uncertainty rows flipped; independent probe,SubmissionStatus.COMPLETE,0.96132,
56985972,LBP02.csv,2026-10-09 02:25:47.817000,LBP02: Q01 + two E30 uncertainty rows flipped; independent probe,SubmissionStatus.COMPLETE,0.96685,
56985968,LBP01.csv,2026-10-09 02:25:45.047000,LBP01: Q01 + two E30 uncertainty rows flipped; independent probe,SubmissionStatus.COMPLETE,0.96132,
56929549,S19.csv,2026-10-08 02:23:53.100000,"S19 (E38 extension, pre-registered batch)",SubmissionStatus.COMPLETE,0.95027,
56929547,S18.csv,2026-10-08 02:23:45.223000,"S18 (E38 extension, pre-registered batch)",SubmissionStatus.COMPLETE,0.94475,
56929542,S17.csv,2026-10-08 02:23:36.490000,"S17 (E38 extension, pre-registered batch)",SubmissionStatus.COMPLETE,0.95027,
56929539,S16.csv,2026-10-08 02:23:30.443000,"S16 (E38 extension, pre-registered batch)",SubmissionStatus.COMPLETE,0.95580,
56929535,S15.csv,2026-10-08 02:23:23.497000,"S15 (E38 extension, pre-registered batch)",SubmissionStatus.COMPLETE,0.95027,
56929530,S14.csv,2026-10-08 02:23:15.800000,"S14 (E38 extension, pre-registered batch)",SubmissionStatus.COMPLETE,0.95027,
56929525,S13.csv,2026-10-08 02:23:08.893000,"S13 (E38 extension, pre-registered batch)",SubmissionStatus.COMPLETE,0.95027,
56929521,S12.csv,2026-10-08 02:23:01.877000,"S12 (E38 extension, pre-registered batch)",SubmissionStatus.COMPLETE,0.93922,
56929516,S11.csv,2026-10-08 02:22:54.103000,"S11 (E38 extension, pre-registered batch)",SubmissionStatus.COMPLETE,0.95027,
56929506,S10.csv,2026-10-08 02:22:46.493000,"S10 (E38 extension, pre-registered batch)",SubmissionStatus.COMPLETE,0.95580,
56929496,S09.csv,2026-10-08 02:22:39.643000,"S09 (E38 extension, pre-registered batch)",SubmissionStatus.COMPLETE,0.96132,
56929494,S08.csv,2026-10-08 02:22:31.913000,"S08 (E38 extension, pre-registered batch)",SubmissionStatus.COMPLETE,0.93922,
56929489,S07.csv,2026-10-08 02:22:25.063000,"S07 (E38 extension, pre-registered batch)",SubmissionStatus.COMPLETE,0.96132,
56929486,S06.csv,2026-10-08 02:22:17.373000,"S06 (E38 extension, pre-registered batch)",SubmissionStatus.COMPLETE,0.95580,
56929482,S05.csv,2026-10-08 02:22:08.610000,"S05 (E38 extension, pre-registered batch)",SubmissionStatus.COMPLETE,0.94475,
56929480,S04.csv,2026-10-08 02:22:01.830000,"S04 (E38 extension, pre-registered batch)",SubmissionStatus.COMPLETE,0.96132,
56929474,S03.csv,2026-10-08 02:21:54.117000,"S03 (E38 extension, pre-registered batch)",SubmissionStatus.COMPLETE,0.95580,
56929469,S02.csv,2026-10-08 02:21:47.083000,"S02 (E38 extension, pre-registered batch)",SubmissionStatus.COMPLETE,0.95027,
56929466,S01.csv,2026-10-08 02:21:40.210000,"S01 (E38 extension, pre-registered batch)",SubmissionStatus.COMPLETE,0.93370,
56929015,R11.csv,2026-10-08 02:09:32.443000,R11 (pre-registered bagged-E30 batch): A + flip the 11 most uncertain bagged-E30 rows,SubmissionStatus.COMPLETE,0.96685,
56929010,R09.csv,2026-10-08 02:09:24.700000,R09 (pre-registered bagged-E30 batch): A + flip the 9 most uncertain bagged-E30 rows,SubmissionStatus.COMPLETE,0.96685,
56929006,R07.csv,2026-10-08 02:09:16.867000,R07 (pre-registered bagged-E30 batch): A + flip the 7 most uncertain bagged-E30 rows,SubmissionStatus.COMPLETE,0.96132,
56929000,R05.csv,2026-10-08 02:09:09.877000,R05 (pre-registered bagged-E30 batch): A + flip the 5 most uncertain bagged-E30 rows,SubmissionStatus.COMPLETE,0.95580,
56925656,Q02.csv,2026-10-08 00:12:22.040000,Q02 (E38): A + flip E30 uncertainty ranks 8-13 (both edges),SubmissionStatus.COMPLETE,0.93922,
56925647,Q01.csv,2026-10-08 00:12:12.320000,Q01 (E38): A + flip E30 uncertainty ranks 1-7 (both edges),SubmissionStatus.COMPLETE,0.96685,
56918618,P20.csv,2026-10-07 18:17:10.570000,P20 (E23 portfolio): band 0.96938 <= aloo/guest <= 1.95509,SubmissionStatus.COMPLETE,0.95027,
56918610,P19.csv,2026-10-07 18:17:03.270000,P19 (E23 portfolio): A + flip uncertainty ranks 16-22 (both edges),SubmissionStatus.COMPLETE,0.96132,
56918606,P18.csv,2026-10-07 18:16:56.973000,P18 (E23 portfolio): A + flip uncertainty ranks 24-28 (both edges),SubmissionStatus.COMPLETE,0.96132,
56918601,P17.csv,2026-10-07 18:16:50.663000,P17 (E23 portfolio): band 0.99333 <= aloo/guest <= 2.01654,SubmissionStatus.COMPLETE,0.95027,
56918598,P16.csv,2026-10-07 18:16:44.280000,P16 (E23 portfolio): band 0.9843 <= aloo/guest <= 1.97931,SubmissionStatus.COMPLETE,0.95027,
56918594,P15.csv,2026-10-07 18:16:36.400000,P15 (E23 portfolio): A + flip uncertainty ranks 2-6 (both edges),SubmissionStatus.COMPLETE,0.95580,
56918591,P14.csv,2026-10-07 18:16:29.240000,P14 (E23 portfolio): A + flip uncertainty ranks 13-16 (both edges),SubmissionStatus.COMPLETE,0.95580,
56918589,P13.csv,2026-10-07 18:16:21.657000,P13 (E23 portfolio): A + flip uncertainty ranks 14-18 (upper edge),SubmissionStatus.COMPLETE,0.94475,
56918584,P12.csv,2026-10-07 18:16:14.167000,P12 (E23 portfolio): A + flip uncertainty ranks 1-5 (upper edge),SubmissionStatus.COMPLETE,0.93922,
56918583,P11.csv,2026-10-07 18:16:06.297000,P11 (E23 portfolio): A + flip uncertainty ranks 17-20 (both edges),SubmissionStatus.COMPLETE,0.95580,
56918577,P10.csv,2026-10-07 18:15:58.137000,P10 (E23 portfolio): A + flip uncertainty ranks 3-6 (lower edge),SubmissionStatus.COMPLETE,0.95027,
56918574,P09.csv,2026-10-07 18:15:51.460000,P09 (E23 portfolio): band 0.97052 <= aloo/guest <= 2.02641,SubmissionStatus.COMPLETE,0.95580,
56918570,P08.csv,2026-10-07 18:15:43.813000,P08 (E23 portfolio): A + flip uncertainty ranks 20-26 (both edges),SubmissionStatus.COMPLETE,0.96132,
56918566,P07.csv,2026-10-07 18:15:35.297000,P07 (E23 portfolio): band 0.95816 <= aloo/guest <= 1.9807,SubmissionStatus.COMPLETE,0.93922,
56918561,P06.csv,2026-10-07 18:15:25.837000,P06 (E23 portfolio): A + flip uncertainty ranks 9-14 (both edges),SubmissionStatus.COMPLETE,0.93370,
56918557,P05.csv,2026-10-07 18:15:18.960000,P05 (E23 portfolio): A + flip uncertainty ranks 6-10 (lower edge),SubmissionStatus.COMPLETE,0.95027,
56918555,P04.csv,2026-10-07 18:15:12.170000,P04 (E23 portfolio): band 1.00689 <= aloo/guest <= 1.98867,SubmissionStatus.COMPLETE,0.95580,
56918552,P03.csv,2026-10-07 18:15:05.270000,P03 (E23 portfolio): A + flip uncertainty ranks 8-14 (upper edge),SubmissionStatus.COMPLETE,0.96132,
56918549,P02.csv,2026-10-07 18:14:55.757000,P02 (E23 portfolio): band 1.00608 <= aloo/guest <= 2.02353,SubmissionStatus.COMPLETE,0.96132,
56918533,P01.csv,2026-10-07 18:14:03.200000,P01 (E23 portfolio): A + flip uncertainty ranks 3-10 (upper edge),SubmissionStatus.COMPLETE,0.94475,
56917866,submission.csv,2026-10-07 17:45:03.407000,C via notebook: band 1.000<aloo/guest<1.975 (kernel v2),SubmissionStatus.COMPLETE,0.95580,
56916345,sub_C_band_1p00_1p975.csv,2026-10-07 16:35:34.773000,C: band 1.000<aloo/guest<1.975 (E21 win-prob partner for B; algorithmic cut shift),SubmissionStatus.COMPLETE,0.95580,
56908725,submission.csv,2026-10-07 10:53:14.660000,,SubmissionStatus.COMPLETE,0.95027,
56908214,sub_B_hedge.csv,2026-10-07 10:29:09.537000,"B: hedge = A with 9 most-uncertain rows flipped (algorithmic, MC m=9); final candidate B",SubmissionStatus.COMPLETE,0.95580,
56908203,sub_A_primary_sharpband.csv,2026-10-07 10:28:50.607000,A: sharp midcut band 0.97068<aloo/guest<2.00983 (10x5 CV 0.9543); final candidate A,SubmissionStatus.COMPLETE,0.95027,
